,name,type,species,period,period_time,continent,lived_in,diet,length,size,taxonomy,link
0,Aardonyx,Sauropod,Celestae,Jurassic,Early,Africa,South Africa,Herbivorous,8.0,Medium,Dinosauria Saurischia Sauropodomorpha Prosauropoda Anchisauria,https://www.nhm.ac.uk/discover/dino-directory/aardonyx.html
1,Abelisaurus,Large Theropod,Comahuensis,Cretaceous,Late,South America,Argentina,Carnivorous,9.0,Medium,Dinosauria Saurischia Theropoda Neotheropoda Ceratosauria Neoceratosauria Abelisauridae Abelisaurinae,https://www.nhm.ac.uk/discover/dino-directory/abelisaurus.html
2,Achelousaurus,Ceratopsian,Horneri,Cretaceous,Late,North America,United States,Herbivorous,6.0,Medium,Dinosauria Ornithischia Genasauria Cerapoda Marginocephalia Ceratopsia Neoceratopsia Coronosauria Ceratopsidae Centrosaurinae,https://www.nhm.ac.uk/discover/dino-directory/achelousaurus.html
3,Achillobator,Large Theropod,Giganteus,Cretaceous,Late,Asia,Mongolia,Carnivorous,5.0,Medium,Dinosauria Saurischia Theropoda Neotheropoda Tetanurae Avetheropoda Coelurosauria Tyrannoraptora Maniraptoriformes Maniraptora Paraves Eumaniraptora Dromaeosauridae,https://www.nhm.ac.uk/discover/dino-directory/achillobator.html
4,Acrocanthosaurus,Large Theropod,Atokensis,Cretaceous,Early,North America,United States,Carnivorous,12.0,Long,Dinosauria Saurischia Theropoda Neotheropoda Tetanurae Avetheropoda Carnosauria Allosauroidea Carcharodontosauridae,https://www.nhm.ac.uk/discover/dino-directory/acrocanthosaurus.html
5,Aegyptosaurus,Sauropod,Baharijensis,Cretaceous,Late,Africa,Egypt,Herbivorous,15.0,Long,Dinosauria Saurischia Sauropodomorpha Sauropoda Eusauropoda Neosauropoda Macronaria Camarasauromorpha Titanosauriformes Titanosauria,https://www.nhm.ac.uk/discover/dino-directory/aegyptosaurus.html
6,Afrovenator,Large Theropod,Abakensis,Cretaceous,Early,Africa,Niger,Carnivorous,9.0,Medium,Dinosauria Saurischia Theropoda Neotheropoda Tetanurae Spinosauroidea Megalosauridae Eustreptospondylinae,https://www.nhm.ac.uk/discover/dino-directory/afrovenator.html
7,Agilisaurus,Euornithopod,Louderbacki,Jurassic,Late,Asia,China,Herbivorous,1.5,Short,Dinosauria Ornithischia Genasauria Cerapoda Ornithopoda Euornithopoda,https://www.nhm.ac.uk/discover/dino-directory/agilisaurus.html
8,Alamosaurus,Sauropod,Sanjuanensis,Cretaceous,Late,North America,United States,Herbivorous,21.0,Long,Dinosauria Saurischia Sauropodomorpha Sauropoda Eusauropoda Neosauropoda Macronaria Camarasauromorpha Titanosauriformes Titanosauria Lithostrotia,https://www.nhm.ac.uk/discover/dino-directory/alamosaurus.html
9,Albertaceratops,Ceratopsian,Nesmoi,Cretaceous,Late,North America,United States,Herbivorous,7.0,Medium,Dinosauria Ornithischia,https://www.nhm.ac.uk/discover/dino-directory/albertaceratops.html
10,Albertosaurus,Large Theropod,Libratus,Cretaceous,Late,North America,Canada,Carnivorous,9.0,Medium,Dinosauria Saurischia Theropoda Neotheropoda Tetanurae Avetheropoda Coelurosauria Tyrannoraptora Tyrannosauroidea Tyrannosauridae Albertosaurinae,https://www.nhm.ac.uk/discover/dino-directory/albertosaurus.html
11,Alectrosaurus,Large Theropod,Olseni,Cretaceous,Late,Asia,Mongolia,Carnivorous,5.0,Medium,Dinosauria Saurischia Theropoda Neotheropoda Tetanurae Avetheropoda Coelurosauria Tyrannoraptora Tyrannosauroidea,https://www.nhm.ac.uk/discover/dino-directory/alectrosaurus.html
12,Alioramus,Large Theropod,Remotus,Cretaceous,Late,Asia,Mongolia,Carnivorous,6.0,Medium,Dinosauria Saurischia Theropoda Neotheropoda Tetanurae Avetheropoda Coelurosauria Tyrannoraptora Tyrannosauroidea,https://www.nhm.ac.uk/discover/dino-directory/alioramus.html
13,Allosaurus,Large Theropod,Fragilis,Jurassic,Late,North America,United States,Carnivorous,12.0,Long,Dinosauria Saurischia Theropoda Neotheropoda Tetanurae Avetheropoda Carnosauria Allosauroidea Allosauridae,https://www.nhm.ac.uk/discover/dino-directory/allosaurus.html
14,Alvarezsaurus,Small Theropod,Calvoi,Cretaceous,Late,South America,Argentina,Carnivorous,2.0,Medium,Dinosauria Saurischia Theropoda Neotheropoda Tetanurae Avetheropoda Coelurosauria Tyrannoraptora Maniraptoriformes Maniraptora Alvarezsauridae,https://www.nhm.ac.uk/discover/dino-directory/alvarezsaurus.html
15,Amargasaurus,Sauropod,Cazaui,Cretaceous,Early,South America,Argentina,Herbivorous,12.0,Long,Dinosauria Saurischia Sauropodomorpha Sauropoda Eusauropoda Neosauropoda Diplodocoidea Dicraeosauridae,https://www.nhm.ac.uk/discover/dino-directory/amargasaurus.html
16,Ammosaurus,Sauropod,Major,Jurassic,Early,North America,United States,Herbivorous,5.0,Medium,Dinosauria Saurischia Sauropodomorpha Prosauropoda Anchisauria Anchisauridae,https://www.nhm.ac.uk/discover/dino-directory/ammosaurus.html
17,Ampelosaurus,Sauropod,Atacis,Cretaceous,Late,Europe,France,Herbivorous,15.0,Long,Dinosauria Saurischia Sauropodomorpha Sauropoda Eusauropoda Neosauropoda Macronaria Camarasauromorpha Titanosauriformes Titanosauria Lithostrotia,https://www.nhm.ac.uk/discover/dino-directory/ampelosaurus.html
18,Amygdalodon,Sauropod,Patagonicus,Jurassic,Mid,South America,Argentina,Herbivorous,15.0,Long,Dinosauria Saurischia Sauropodomorpha Sauropoda Eusauropoda,https://www.nhm.ac.uk/discover/dino-directory/amygdalodon.html
19,Anchiceratops,Ceratopsian,Ornatus,Cretaceous,Late,North America,Canada,Herbivorous,6.0,Medium,Dinosauria Ornithischia Genasauria Cerapoda Marginocephalia Ceratopsia Neoceratopsia Coronosauria Ceratopsidae Chasmosaurinae,https://www.nhm.ac.uk/discover/dino-directory/anchiceratops.html
20,Anchisaurus,Sauropod,Polyzelous,Jurassic,Early,North America,United States,Herbivorous,2.0,Medium,Dinosauria Saurischia Sauropodomorpha Prosauropoda Anchisauria Anchisauridae,https://www.nhm.ac.uk/discover/dino-directory/anchisaurus.html
21,Ankylosaurus,Armoured Dinosaur,Magniventris,Cretaceous,Late,North America,United States,Herbivorous,7.0,Medium,Dinosauria Ornithischia Genasauria Thyreophora Ankylosauromorpha Ankylosauria Ankylosauridae,https://www.nhm.ac.uk/discover/dino-directory/ankylosaurus.html
22,Anserimimus,Large Theropod,Planinychus,Cretaceous,Late,Asia,Mongolia,Carnivorous,3.5,Medium,Dinosauria Saurischia Theropoda Neotheropoda Tetanurae Avetheropoda Coelurosauria Tyrannoraptora Maniraptoriformes Ornithomimosauria Ornithomimidae,https://www.nhm.ac.uk/discover/dino-directory/anserimimus.html
23,Antarctosaurus,Sauropod,Wichmannianus,Cretaceous,Late,South America,Uruguay,Herbivorous,18.0,Long,Dinosauria Saurischia Sauropodomorpha Sauropoda Eusauropoda Neosauropoda Macronaria Camarasauromorpha Titanosauriformes Titanosauria Lithostrotia,https://www.nhm.ac.uk/discover/dino-directory/antarctosaurus.html
24,Apatosaurus,Sauropod,Ajax,Jurassic,Late,North America,United States,Herbivorous,21.0,Long,Dinosauria Saurischia Sauropodomorpha Sauropoda Eusauropoda Neosauropoda Diplodocoidea Diplodocidae,https://www.nhm.ac.uk/discover/dino-directory/apatosaurus.html
25,Aragosaurus,Sauropod,Ischiadicus,Cretaceous,Early,Europe,Spain,Herbivorous,18.0,Long,Dinosauria Saurischia Sauropodomorpha Sauropoda Eusauropoda,https://www.nhm.ac.uk/discover/dino-directory/aragosaurus.html
26,Aralosaurus,Euornithopod,Tuberiferus,Cretaceous,Late,Asia,Kazakhstan,Herbivorous,8.0,Medium,Dinosauria Ornithischia Genasauria Cerapoda Ornithopoda Euornithopoda Iguanadontia Euiguanadontia Dryomorpha Ankylopollexia Iguanodontoidea Hadrosauridae Euhadrosauria Hadrosaurinae,https://www.nhm.ac.uk/discover/dino-directory/aralosaurus.html
27,Archaeoceratops,Ceratopsian,Oshimai,Cretaceous,Early,Asia,China,Herbivorous,1.3,Short,Dinosauria Ornithischia Genasauria Cerapoda Marginocephalia Ceratopsia Neoceratopsia,https://www.nhm.ac.uk/discover/dino-directory/archaeoceratops.html
28,Archaeopteryx,Small Theropod,Lithographica,Jurassic,Late,Europe,Germany,Carnivorous,0.5,Short,Dinosauria Saurischia Theropoda Neotheropoda Tetanurae Avetheropoda Coelurosauria Tyrannoraptora Maniraptoriformes Maniraptora Paraves Eumaniraptoria Avialae Archaeopterygidae,https://www.nhm.ac.uk/discover/dino-directory/archaeopteryx.html
29,Archaeornithomimus,Small Theropod,Asiaticus,Cretaceous,Late,Asia,Uzbekistan,Carnivorous,3.5,Medium,Dinosauria Saurischia Theropoda Neotheropoda Tetanurae Avetheropoda Coelurosauria Tyrannoraptora Maniraptoriformes Ornithomimosauria Ornithomimidae,https://www.nhm.ac.uk/discover/dino-directory/archaeornithomimus.html
30,Argentinosaurus,Sauropod,Huinculensis,Cretaceous,Late,South America,Argentina,Herbivorous,35.0,Long,Dinosauria Saurischia Sauropodomorpha Sauropoda Eusauropoda Neosauropoda Macronaria Camarasauromorpha Titanosauriformes Titanosauria,https://www.nhm.ac.uk/discover/dino-directory/argentinosaurus.html
31,Arrhinoceratops,Ceratopsian,Brachyops,Cretaceous,Late,North America,Canada,Herbivorous,6.0,Medium,Dinosauria Ornithischia Genasauria Cerapoda Marginocephalia Ceratopsia Neoceratopsia Coronosauria Ceratopsidae Chasmosaurinae,https://www.nhm.ac.uk/discover/dino-directory/arrhinoceratops.html
32,Atlascopcosaurus,Euornithopod,Loadsi,Cretaceous,Early,Oceania,Australia,Herbivorous,3.0,Medium,Dinosauria Ornithischia Genasauria Cerapoda Ornithopoda Euornithopoda,https://www.nhm.ac.uk/discover/dino-directory/atlascopcosaurus.html
33,Aucasaurus,Large Theropod,Garridoi,Cretaceous,Late,South America,Argentina,Carnivorous,5.0,Medium,Dinosauria Saurischia Theropoda Neotheropoda Ceratosauria Neoceratosauria Abelisauroidea Abelisauria,https://www.nhm.ac.uk/discover/dino-directory/aucasaurus.html
34,Austrosaurus,Sauropod,Mckillopi,Cretaceous,Early,Oceania,Australia,Herbivorous,15.0,Long,Dinosauria Saurischia Sauropodomorpha Sauropoda Eusauropoda Neosauropoda Macronaria Camarasauromorpha Titanosauriformes Titanosauria,https://www.nhm.ac.uk/discover/dino-directory/austrosaurus.html
35,Avaceratops,Ceratopsian,Lammersi,Cretaceous,Late,North America,United States,Herbivorous,2.3,Medium,Dinosauria Ornithischia Genasauria Cerapoda Marginocephalia Ceratopsia Neoceratopsia Coronosauria Ceratopsidae Centrosaurinae,https://www.nhm.ac.uk/discover/dino-directory/avaceratops.html
36,Avimimus,Small Theropod,Portentosus,Cretaceous,Late,Asia,Mongolia,Omnivorous,1.5,Short,Dinosauria Saurischia Theropoda Neotheropoda Tetanurae Avetheropoda Coelurosauria Tyrannoraptora Maniraptoriformes Maniraptora Oviraptorosauria Avimimidae,https://www.nhm.ac.uk/discover/dino-directory/avimimus.html
37,Bactrosaurus,Euornithopod,Johnsoni,Cretaceous,Late,Asia,China,Herbivorous,6.0,Medium,Dinosauria Ornithischia Genasauria Cerapoda Ornithopoda Euornithopoda Iguanadontia Euiguanadontia Dryomorpha Ankylopollexia Iguanodontoidea Hadrosauridae,https://www.nhm.ac.uk/discover/dino-directory/bactrosaurus.html
38,Bagaceratops,Ceratopsian,Rozhdestvenskyi,Cretaceous,Late,Asia,Mongolia,Herbivorous,1.0,Short,Dinosauria Ornithischia Genasauria Cerapoda Marginocephalia Ceratopsia Neoceratopsia Bagaceratopsidae,https://www.nhm.ac.uk/discover/dino-directory/bagaceratops.html
39,Bambiraptor,Small Theropod,Feinbergorum,Cretaceous,Late,North America,United States,Carnivorous,1.0,Short,Dinosauria Saurischia Theropoda Neotheropoda Tetanurae Avetheropoda Coelurosauria Tyrannoraptora Maniraptoriformes Maniraptora Paraves Eumaniraptora Dromaeosauridae,https://www.nhm.ac.uk/discover/dino-directory/bambiraptor.html
40,Barapasaurus,Sauropod,Tagorei,Jurassic,Early,Asia,India,Herbivorous,14.0,Long,Dinosauria Saurischia Sauropodomorpha Sauropoda Eusauropoda Cetiosauridae,https://www.nhm.ac.uk/discover/dino-directory/barapasaurus.html
41,Barosaurus,Sauropod,Lentus,Jurassic,Late,North America,United States,Herbivorous,24.0,Long,Dinosauria Saurischia Sauropodomorpha Sauropoda Eusauropoda Neosauropoda Diplodocoidea Diplodocidae,https://www.nhm.ac.uk/discover/dino-directory/barosaurus.html
42,Baryonyx,Large Theropod,Walkeri,Cretaceous,Early,Europe,United Kingdom,Carnivorous,10.0,Medium,Dinosauria Saurischia Theropoda Neotheropoda Tetanurae Spinosauroidea Spinosauridae Baryonychinae,https://www.nhm.ac.uk/discover/dino-directory/baryonyx.html
43,Becklespinax,Large Theropod,Altispinax,Cretaceous,Early,Europe,United Kingdom,Carnivorous,5.0,Medium,Dinosauria Saurischia Theropoda Neotheropoda Tetanurae,https://www.nhm.ac.uk/discover/dino-directory/becklespinax.html
44,Beipiaosaurus,Small Theropod,Inexpectus,Cretaceous,Early,Asia,China,Omnivorous,2.0,Medium,Dinosauria Saurischia Theropoda Neotheropoda Tetanurae Avetheropoda Coelurosauria Tyrannoraptora Maniraptoriformes Maniraptora Therizinosauroidea,https://www.nhm.ac.uk/discover/dino-directory/beipiaosaurus.html
45,Bellusaurus,Sauropod,Sui,Jurassic,Mid,Asia,China,Herbivorous,5.0,Medium,Dinosauria Saurischia Sauropodomorpha Sauropoda Eusauropoda Neosauropoda Macronaria,https://www.nhm.ac.uk/discover/dino-directory/bellusaurus.html
46,Borogovia,Small Theropod,Gracilicrus,Cretaceous,Late,Asia,Mongolia,Carnivorous,1.5,Short,Dinosauria Saurischia Theropoda Neotheropoda Tetanurae Avetheropoda Coelurosauria Tyrannoraptora Maniraptoriformes Maniraptora Paraves Eumaniraptoria Troodontidae,https://www.nhm.ac.uk/discover/dino-directory/borogovia.html
47,Brachiosaurus,Sauropod,Altithorax,Jurassic,Late,North America,United States,Herbivorous,30.0,Long,Dinosauria Saurischia Sauropodomorpha Sauropoda Eusauropoda Neosauropoda Macronaria Camarasauromorpha Titanosauriformes Brachiosauridae,https://www.nhm.ac.uk/discover/dino-directory/brachiosaurus.html
48,Brachylophosaurus,Euornithopod,Canadensis,Cretaceous,Late,North America,United States,Herbivorous,7.0,Medium,Dinosauria Ornithischia Genasauria Cerapoda Ornithopoda Euornithopoda Iguanadontia Euiguanadontia Dryomorpha Ankylopollexia Iguanodontoidea Hadrosauridae Euhadrosauria Hadrosaurinae,https://www.nhm.ac.uk/discover/dino-directory/brachylophosaurus.html
49,Brachytrachelopan,Sauropod,Mesai,Jurassic,Mid,South America,Argentina,Herbivorous,10.0,Medium,Dinosauria Saurischia Sauropodomorpha Sauropoda Eusauropoda Neosauropoda Diplodocoidea Dicraeosauridae,https://www.nhm.ac.uk/discover/dino-directory/brachytrachelopan.html
50,Buitreraptor,Small Theropod,Gonzalezorum,Cretaceous,Late,South America,Argentina,Carnivorous,1.3,Short,Dinosauria Saurischia Theropoda Neotheropoda Tetanurae Avetheropoda Coelurosauria Tyrannoraptora Maniraptoriformes Maniraptora Paraves Eumaniraptora Dromaeosauridae Unenlagiinae,https://www.nhm.ac.uk/discover/dino-directory/buitreraptor.html
51,Camarasaurus,Sauropod,Supremus,Jurassic,Late,North America,United States,Herbivorous,23.0,Long,Dinosauria Saurischia Sauropodomorpha Sauropoda Eusauropoda Neosauropoda Macronaria Camarasauromorpha Camarasauridae,https://www.nhm.ac.uk/discover/dino-directory/camarasaurus.html
52,Camptosaurus,Euornithopod,Dispar,Jurassic,Late,North America,United States,Herbivorous,5.0,Medium,Dinosauria Ornithischia Genasauria Cerapoda Ornithopoda Euornithopoda Iguanadontia Euiguanadontia Dryomorpha Ankylopollexia,https://www.nhm.ac.uk/discover/dino-directory/camptosaurus.html
53,Carcharodontosaurus,Large Theropod,Saharicus,Cretaceous,Late,Africa,North Africa,Carnivorous,15.0,Long,Dinosauria Saurischia Theropoda Neotheropoda Tetanurae Avetheropoda Carnosauria Allosauroidea Carcharodontosauridae,https://www.nhm.ac.uk/discover/dino-directory/carcharodontosaurus.html
54,Carnotaurus,Large Theropod,Sastrei,Cretaceous,Late,South America,Argentina,Carnivorous,7.6,Medium,Dinosauria Saurischia Theropoda Neotheropoda Ceratosauria Neoceratosauria Abelisauridae,https://www.nhm.ac.uk/discover/dino-directory/carnotaurus.html
55,Caudipteryx,Small Theropod,Zoui,Cretaceous,Early,Asia,China,Omnivorous,1.0,Short,Dinosauria Saurischia Theropoda Neotheropoda Tetanurae Avetheropoda Coelurosauria Tyrannoraptora Maniraptoriformes Maniraptora Oviraptorosauria Caudipterygidae,https://www.nhm.ac.uk/discover/dino-directory/caudipteryx.html
56,Cedarpelta,Armoured Dinosaur,Bilbeyhallorum,Cretaceous,Early,North America,United States,Herbivorous,10.0,Medium,Dinosauria Ornithischia Genasauria Thyreophora Ankylosauromorpha Ankylosauria Ankylosauridae,https://www.nhm.ac.uk/discover/dino-directory/cedarpelta.html
57,Centrosaurus,Ceratopsian,,Cretaceous,Late,North America,Canada,Herbivorous,6.0,Medium,Dinosauria Ornithischia Genasauria Cerapoda Marginocephalia Ceratopsia Neoceratopsia Coronosauria Ceratopsidae Centrosaurinae,https://www.nhm.ac.uk/discover/dino-directory/centrosaurus.html
58,Ceratosaurus,Large Theropod,Nasicornis,Jurassic,Late,North America,United States,Carnivorous,6.0,Medium,Dinosauria Saurischia Theropoda Neotheropoda Ceratosauria Neoceratosauria,https://www.nhm.ac.uk/discover/dino-directory/ceratosaurus.html
59,Cetiosauriscus,Sauropod,Stewarti,Jurassic,Mid,Europe,United Kingdom,Herbivorous,15.0,Long,Dinosauria Saurischia Sauropodomorpha Sauropoda Eusauropoda Neosauropoda Diplodocoidea,https://www.nhm.ac.uk/discover/dino-directory/cetiosauriscus.html
60,Cetiosaurus,Sauropod,Oxoniensis,Jurassic,Mid,Europe,United Kingdom,Herbivorous,18.0,Long,Dinosauria Saurischia Sauropodomorpha Sauropoda Eusauropoda Cetiosauridae,https://www.nhm.ac.uk/discover/dino-directory/cetiosaurus.html
61,Chaoyangsaurus,Ceratopsian,Youngi,Jurassic,Late,Asia,China,Herbivorous,1.1,Short,Dinosauria Ornithischia Genasauria Cerapoda Marginocephalia Ceratopsia Neoceratopsia,https://www.nhm.ac.uk/discover/dino-directory/chaoyangsaurus.html
62,Chasmosaurus,Ceratopsian,,Cretaceous,Late,North America,Canada,Herbivorous,5.0,Medium,Dinosauria Ornithischia Genasauria Cerapoda Marginocephalia Ceratopsia Neoceratopsia Coronosauria Ceratopsidae Chasmosaurinae,https://www.nhm.ac.uk/discover/dino-directory/chasmosaurus.html
63,Chindesaurus,Small Theropod,Bryansmalli,Triassic,Late,North America,United States,Carnivorous,4.0,Medium,Dinosauria Saurischia Theropoda Herrerasauridae,https://www.nhm.ac.uk/discover/dino-directory/chindesaurus.html
64,Chinshakiangosaurus,Sauropod,Zhongheensis,Jurassic,Late,Asia,China,Herbivorous,11.0,Long,Dinosauria Saurischia Sauropodomorpha Sauropoda,https://www.nhm.ac.uk/discover/dino-directory/chinshakiangosaurus.html
65,Chirostenotes,Small Theropod,Pergracilis,Jurassic,Late,North America,Canada,Omnivorous,1.7,Short,Dinosauria Saurischia Theropoda Neotheropoda Tetanurae Avetheropoda Coelurosauria Tyrannoraptora Maniraptoriformes Maniraptora Oviraptorosauria Caenagnathoidea Caenagnathidae,https://www.nhm.ac.uk/discover/dino-directory/chirostenotes.html
66,Chubutisaurus,Sauropod,Insignis,Cretaceous,Early,South America,Argentina,Herbivorous,23.0,Long,Dinosauria Saurischia Sauropodomorpha Sauropoda Eusauropoda Neosauropoda Macronaria Camarasauromorpha Titanosauriformes Titanosauria,https://www.nhm.ac.uk/discover/dino-directory/chubutisaurus.html
67,Chungkingosaurus,Armoured Dinosaur,Jiangbeiensis,Jurassic,Late,Asia,China,Herbivorous,4.0,Medium,Dinosauria Ornithischia Genasauria Thyreophora Stegosauria Stegosauridae Stegosaurinae,https://www.nhm.ac.uk/discover/dino-directory/chungkingosaurus.html
68,Citipati,Small Theropod,Osmolskae,Cretaceous,Late,Asia,Mongolia,Omnivorous,2.1,Medium,Dinosauria Saurischia Theropoda Neotheropoda Tetanurae Avetheropoda Coelurosauria Tyrannoraptora Maniraptoriformes Maniraptora Oviraptorosauria Caenagnathoidea Oviraptoridae Oviraptorinae,https://www.nhm.ac.uk/discover/dino-directory/citipati.html
69,Coelophysis,Small Theropod,,Triassic,Late,Africa,Zimbabwe,Carnivorous,2.0,Medium,Dinosauria Saurischia Theropoda Neotheropoda Coelophysoidea Coelophysidae,https://www.nhm.ac.uk/discover/dino-directory/coelophysis.html
70,Coelurus,Small Theropod,Fragilis,Jurassic,Late,North America,United States,Carnivorous,1.8,Short,Dinosauria Saurischia Theropoda Neotheropoda Tetanurae Avetheropoda Coelurosauria,https://www.nhm.ac.uk/discover/dino-directory/coelurus.html
71,Coloradisaurus,Sauropod,Brevis,Triassic,Late,South America,Argentina,Omnivorous,4.0,Medium,Dinosauria Saurischia Sauropodomorpha Prosauropoda Plateosauria Plateosauridae,https://www.nhm.ac.uk/discover/dino-directory/coloradisaurus.html
72,Compsognathus,Small Theropod,Longipes,Jurassic,Late,Europe,Germany,Carnivorous,0.65,Short,Dinosauria Saurischia Theropoda Neotheropoda Tetanurae Avetheropoda Coelurosauria Compsognathidae,https://www.nhm.ac.uk/discover/dino-directory/compsognathus.html
73,Conchoraptor,Small Theropod,Gracilis,Cretaceous,Late,Asia,Mongolia,Carnivorous,1.5,Short,Dinosauria Saurischia Theropoda Neotheropoda Tetanurae Avetheropoda Coelurosauria Tyrannoraptora Maniraptoriformes Maniraptora Oviraptorosauria Caenagnathoidea Oviraptoridae Ingeniinae,https://www.nhm.ac.uk/discover/dino-directory/conchoraptor.html
74,Confuciusornis,Small Theropod,Sanctus,Cretaceous,Early,Asia,China,Carnivorous,0.25,Short,Dinosauria Saurischia Theropoda Neotheropoda Tetanurae Avetheropoda Coelurosauria Tyrannoraptora Maniraptoriformes Maniraptora Paraves Eumaniraptoria Avialae Ornithurae Avibrevicauda Pygostylia Confuciusornithidae,https://www.nhm.ac.uk/discover/dino-directory/confuciusornis.html
75,Corythosaurus,Euornithopod,Casuarius,Cretaceous,Late,North America,United States,Herbivorous,10.0,Medium,Dinosauria Ornithischia Genasauria Cerapoda Ornithopoda Euornithopoda Iguanadontia Euiguanadontia Dryomorpha Ankylopollexia Iguanodontoidea Hadrosauridae Euhadrosauria Lambeosaurinae,https://www.nhm.ac.uk/discover/dino-directory/corythosaurus.html
76,Cryolophosaurus,Large Theropod,Elliotti,Jurassic,Early,Antarctica,Antarctica,Carnivorous,8.0,Medium,Dinosauria Saurischia Theropoda Neotheropoda Tetanurae Avetheropoda Carnosauria,https://www.nhm.ac.uk/discover/dino-directory/cryolophosaurus.html
77,Dacentrurus,Armoured Dinosaur,Armatus,Jurassic,Late,Europe,United Kingdom,Herbivorous,6.0,Medium,Dinosauria Ornithischia Genasauria Thyreophora Stegosauria Stegosauridae,https://www.nhm.ac.uk/discover/dino-directory/dacentrurus.html
78,Daspletosaurus,Large Theropod,Torosus,Cretaceous,Late,North America,Canada,Carnivorous,9.0,Medium,Dinosauria Saurischia Theropoda Neotheropoda Tetanurae Avetheropoda Coelurosauria Tyrannoraptora Tyrannosauroidea Tyrannosauridae Tyrannosaurinae,https://www.nhm.ac.uk/discover/dino-directory/daspletosaurus.html
79,Datousaurus,Sauropod,Bashanensis,Jurassic,Mid,Asia,China,Herbivorous,15.0,Long,Dinosauria Saurischia Sauropodomorpha Sauropoda,https://www.nhm.ac.uk/discover/dino-directory/datousaurus.html
80,Deinocheirus,Large Theropod,Mirificus,Cretaceous,Late,Asia,Mongolia,Omnivorous,10.0,Medium,Dinosauria Saurischia Theropoda Neotheropoda Tetanurae Avetheropoda Coelurosauria Tyrannoraptora Maniraptoriformes Ornithomimosauria,https://www.nhm.ac.uk/discover/dino-directory/deinocheirus.html
81,Deinonychus,Small Theropod,Antirrhopus,Cretaceous,Early,North America,United States,Carnivorous,3.0,Medium,Dinosauria Saurischia Theropoda Neotheropoda Tetanurae Avetheropoda Coelurosauria Tyrannoraptora Maniraptoriformes Maniraptora Paraves Eumaniraptora Dromaeosauridae,https://www.nhm.ac.uk/discover/dino-directory/deinonychus.html
82,Deltadromeus,Large Theropod,Agilis,Cretaceous,Late,Africa,Morocco,Carnivorous,8.1,Medium,Dinosauria Saurischia Theropoda Neotheropoda Tetanurae Avetheropoda Coelurosauria,https://www.nhm.ac.uk/discover/dino-directory/deltadromeus.html
83,Dicraeosaurus,Sauropod,Hansemanni,Jurassic,Late,Africa,Tanzania,Herbivorous,20.0,Long,Dinosauria Saurischia Sauropodomorpha Sauropoda Eusauropoda Neosauropoda Diplodocoidea Dicraeosauridae,https://www.nhm.ac.uk/discover/dino-directory/dicraeosaurus.html
84,Dilophosaurus,Large Theropod,,Jurassic,Early,North America,United States,Carnivorous,6.0,Medium,Dinosauria Saurischia Theropoda Neotheropoda Dilophosauridae,https://www.nhm.ac.uk/discover/dino-directory/dilophosaurus.html
85,Diplodocus,Sauropod,Longus,Jurassic,Late,North America,United States,Herbivorous,26.0,Long,Dinosauria Saurischia Sauropodomorpha Sauropoda Eusauropoda Neosauropoda Diplodocoidea Diplodocidae,https://www.nhm.ac.uk/discover/dino-directory/diplodocus.html
86,Dromaeosaurus,Small Theropod,Albertensis,Cretaceous,Late,North America,United States,Carnivorous,1.8,Short,Dinosauria Saurischia Theropoda Neotheropoda Tetanurae Avetheropoda Coelurosauria Tyrannoraptora Maniraptoriformes Maniraptora Paraves Eumaniraptora Dromaeosauridae,https://www.nhm.ac.uk/discover/dino-directory/dromaeosaurus.html
87,Dromiceiomimus,Large Theropod,Brevitertius,Cretaceous,Late,North America,Canada,Omnivorous,3.5,Medium,Dinosauria Saurischia Theropoda Neotheropoda Tetanurae Avetheropoda Coelurosauria Tyrannoraptora Maniraptoriformes Ornithomimosauria Ornithomimidae,https://www.nhm.ac.uk/discover/dino-directory/dromiceiomimus.html
88,Dryosaurus,Euornithopod,Altus,Jurassic,Late,North America,United States,Herbivorous,4.0,Medium,Dinosauria Ornithischia Genasauria Cerapoda Ornithopoda Euornithopoda Iguanadontia Euiguanadontia Dryomorpha Dryosauridae,https://www.nhm.ac.uk/discover/dino-directory/dryosaurus.html
89,Dryptosaurus,Large Theropod,Aquilunguis,Cretaceous,Late,North America,United States,Carnivorous,6.4,Medium,Dinosauria Saurischia Theropoda Neotheropoda Tetanurae Avetheropoda Coelurosauria Tyrannoraptora Tyrannosauroidea,https://www.nhm.ac.uk/discover/dino-directory/dryptosaurus.html
90,Dubreuillosaurus,Large Theropod,Valesdunensis,Jurassic,Late,Europe,France,Carnivorous,9.0,Medium,Dinosauria Saurischia Theropoda Neotheropoda Tetanurae Spinosauroidea Megalosauridae Eustreptospondylinae,https://www.nhm.ac.uk/discover/dino-directory/dubreuillosaurus.html
91,Edmontonia,Armoured Dinosaur,Longiceps,Cretaceous,Late,North America,Canada,Herbivorous,4.0,Medium,Dinosauria Ornithischia Genasauria Thyreophora Ankylosauromorpha Ankylosauria Nodosauridae,https://www.nhm.ac.uk/discover/dino-directory/edmontonia.html
92,Edmontosaurus,Euornithopod,Regalis,Cretaceous,Late,North America,Canada,Herbivorous,13.0,Long,Dinosauria Ornithischia Genasauria Cerapoda Ornithopoda Euornithopoda Iguanadontia Euiguanadontia Dryomorpha Ankylopollexia Iguanodontoidea Hadrosauridae Euhadrosauria Hadrosaurinae,https://www.nhm.ac.uk/discover/dino-directory/edmontosaurus.html
93,Einiosaurus,Ceratopsian,Procurvicornis,Cretaceous,Late,North America,United States,Herbivorous,6.0,Medium,Dinosauria Ornithischia Genasauria Cerapoda Marginocephalia Ceratopsia Neoceratopsia Coronosauria Ceratopsidae Centrosaurinae,https://www.nhm.ac.uk/discover/dino-directory/einiosaurus.html
94,Elaphrosaurus,Large Theropod,Bambergi,Jurassic,Late,Africa,Tanzania,Carnivorous,6.2,Medium,Dinosauria Saurischia Theropoda Neotheropoda Ceratosauria Neoceratosauria,https://www.nhm.ac.uk/discover/dino-directory/elaphrosaurus.html
95,Emausaurus,Armoured Dinosaur,Ernsti,Jurassic,Mid,Europe,Germany,Herbivorous,2.0,Medium,Dinosauria Ornithischia Genasauria Thyreophora,https://www.nhm.ac.uk/discover/dino-directory/emausaurus.html
96,Eolambia,Euornithopod,Caroljonesa,Cretaceous,Late,North America,United States,Herbivorous,6.0,Medium,Dinosauria Ornithischia Genasauria Cerapoda Ornithopoda Euornithopoda Iguanadontia Euiguanadontia Dryomorpha Ankylopollexia Iguanodontoidea,https://www.nhm.ac.uk/discover/dino-directory/eolambia.html
97,Eoraptor,Small Theropod,Lunensis,Triassic,Late,South America,Argentina,Carnivorous,1.0,Short,Dinosauria Saurischia Theropoda,https://www.nhm.ac.uk/discover/dino-directory/eoraptor.html
98,Eotyrannus,Large Theropod,Lengi,Cretaceous,Early,Europe,United Kingdom,Carnivorous,5.0,Medium,Dinosauria Saurischia Theropoda Neotheropoda Tetanurae Avetheropoda Coelurosauria Tyrannoraptora Tyrannosauroidea,https://www.nhm.ac.uk/discover/dino-directory/eotyrannus.html
99,Equijubus,Euornithopod,Normani,Cretaceous,Early,Asia,China,Herbivorous,7.0,Medium,Dinosauria Ornithischia Genasauria Cerapoda Ornithopoda Euornithopoda Iguanadontia Euiguanadontia Dryomorpha Ankylopollexia Iguanodontoidea,https://www.nhm.ac.uk/discover/dino-directory/equijubus.html
100,Erketu,Sauropod,Ellisoni,Cretaceous,Early,Asia,Mongolia,Herbivorous,15.0,Long,Dinosauria Saurischia Sauropodomorpha Sauropoda Eusauropoda Neosauropoda Macronaria Camarasauromorpha Titanosauriformes Titanosauria,https://www.nhm.ac.uk/discover/dino-directory/erketu.html
101,Erlikosaurus,Small Theropod,Andrewsi,Cretaceous,Late,Asia,Mongolia,Omnivorous,3.4,Medium,Dinosauria Saurischia Theropoda Neotheropoda Tetanurae Avetheropoda Coelurosauria Tyrannoraptora Maniraptoriformes Maniraptora Therizinosauroidea Therizinosauridae,https://www.nhm.ac.uk/discover/dino-directory/erlikosaurus.html
102,Euhelopus,Sauropod,Zdanskyi,Jurassic,Late,Asia,China,Herbivorous,10.0,Medium,Dinosauria Saurischia Sauropodomorpha Sauropoda Eusauropoda,https://www.nhm.ac.uk/discover/dino-directory/euhelopus.html
103,Euoplocephalus,Armoured Dinosaur,,Cretaceous,Late,North America,United States,Herbivorous,7.0,Medium,Dinosauria Ornithischia Genasauria Thyreophora Ankylosauromorpha Ankylosauria Ankylosauridae,https://www.nhm.ac.uk/discover/dino-directory/euoplocephalus.html
104,Europasaurus,Sauropod,Holgeri,Jurassic,Late,Europe,Germany,Herbivorous,6.2,Medium,Dinosauria Saurischia Sauropodomorpha Sauropoda Eusauropoda Neosauropoda Macronaria,https://www.nhm.ac.uk/discover/dino-directory/europasaurus.html
105,Eustreptospondylus,Large Theropod,Oxoniensis,Jurassic,Mid,Europe,United Kingdom,Carnivorous,7.0,Medium,Dinosauria Saurischia Theropoda Neotheropoda Tetanurae Spinosauroidea Megalosauridae Eustreptospondylinae,https://www.nhm.ac.uk/discover/dino-directory/eustreptospondylus.html
106,Fukuiraptor,Large Theropod,Kitadaniensis,Cretaceous,Early,Asia,Japan,Carnivorous,4.2,Medium,Dinosauria Saurischia Theropoda Neotheropoda Tetanurae Avetheropoda Carnosauria,https://www.nhm.ac.uk/discover/dino-directory/fukuiraptor.html
107,Fukuisaurus,Euornithopod,Tetoriensius,Cretaceous,Early,Asia,Japan,Herbivorous,4.7,Medium,Dinosauria Ornithischia Genasauria Cerapoda Ornithopoda Euornithopoda Iguanadontia Euiguanadontia Dryomorpha Ankylopollexia Iguanodontoidea,https://www.nhm.ac.uk/discover/dino-directory/fukuisaurus.html
108,Gallimimus,Large Theropod,Bullatus,Cretaceous,Late,Asia,Mongolia,Omnivorous,6.0,Medium,Dinosauria Saurischia Theropoda Neotheropoda Tetanurae Avetheropoda Coelurosauria Tyrannoraptora Maniraptoriformes Ornithomimosauria Ornithomimidae,https://www.nhm.ac.uk/discover/dino-directory/gallimimus.html
109,Gargoyleosaurus,Armoured Dinosaur,Parkpinorum,Jurassic,Late,North America,United States,Herbivorous,4.0,Medium,Dinosauria Ornithischia Genasauria Thyreophora Ankylosauromorpha Ankylosauria,https://www.nhm.ac.uk/discover/dino-directory/gargoyleosaurus.html
110,Garudimimus,Large Theropod,Brevipes,Cretaceous,Late,Asia,Mongolia,Omnivorous,4.7,Medium,Dinosauria Saurischia Theropoda Neotheropoda Tetanurae Avetheropoda Coelurosauria Tyrannoraptora Maniraptoriformes Ornithomimosauria,https://www.nhm.ac.uk/discover/dino-directory/garudimimus.html
111,Gasosaurus,Small Theropod,Constructus,Jurassic,Mid,Asia,China,Carnivorous,4.0,Medium,Dinosauria Saurischia Theropoda Neotheropoda Tetanurae Avetheropoda,https://www.nhm.ac.uk/discover/dino-directory/gasosaurus.html
112,Gasparinisaura,Euornithopod,Cincosaltensis,Cretaceous,Late,South America,Argentina,Herbivorous,0.8,Short,Dinosauria Ornithischia Genasauria Cerapoda Ornithopoda Euornithopoda,https://www.nhm.ac.uk/discover/dino-directory/gasparinisaura.html
113,Gastonia,Armoured Dinosaur,Burgei,Cretaceous,Early,North America,United States,Herbivorous,4.6,Medium,Dinosauria Ornithischia Genasauria Thyreophora Ankylosauromorpha Ankylosauria,https://www.nhm.ac.uk/discover/dino-directory/gastonia.html
114,Giganotosaurus,Large Theropod,Carolinii,Cretaceous,Early,South America,Argentina,Carnivorous,12.5,Long,Dinosauria Saurischia Theropoda Neotheropoda Tetanurae Avetheropoda Carnosauria Allosauroidea Carcharodontosauridae,https://www.nhm.ac.uk/discover/dino-directory/giganotosaurus.html
115,Gilmoreosaurus,Euornithopod,Mongoliensis,Cretaceous,Late,Asia,China,Herbivorous,6.0,Medium,Dinosauria Ornithischia Genasauria Cerapoda Ornithopoda Euornithopoda Iguanadontia Euiguanadontia Dryomorpha Ankylopollexia Iguanodontoidea Hadrosauridae,https://www.nhm.ac.uk/discover/dino-directory/gilmoreosaurus.html
116,Giraffatitan,Sauropod,Brancai,Jurassic,Late,Africa,Tanzania,Herbivorous,23.0,Long,Dinosauria Saurischia Sauropodomorpha Sauropoda Eusauropoda Neosauropoda Macronaria Camarasauromorpha Titanosauriformes Brachiosauridae,https://www.nhm.ac.uk/discover/dino-directory/giraffatitan.html
117,Gobisaurus,Armoured Dinosaur,Domoculus,Cretaceous,Early,Asia,China,Herbivorous,5.0,Medium,Dinosauria Ornithischia Genasauria Thyreophora Ankylosauromorpha Ankylosauria Ankylosauridae,https://www.nhm.ac.uk/discover/dino-directory/gobisaurus.html
118,Gorgosaurus,Large Theropod,Libratus,Cretaceous,Late,North America,United States,Carnivorous,8.6,Medium,Dinosauria Saurischia Theropoda Neotheropoda Tetanurae Avetheropoda Coelurosauria Tyrannoraptora Tyrannosauroidea Tyrannosauridae Albertosaurinae,https://www.nhm.ac.uk/discover/dino-directory/gorgosaurus.html
119,Goyocephale,Large Theropod,Lattimorei,Cretaceous,Late,Asia,Mongolia,Herbivorous,2.0,Medium,Dinosauria Ornithischia Genasauria Cerapoda Marginocephalia Pachycephalosauria Goyocephala,https://www.nhm.ac.uk/discover/dino-directory/goyocephale.html
120,Graciliceratops,Ceratopsian,Mongoliensis,Cretaceous,Late,Asia,Mongolia,Herbivorous,2.0,Medium,Dinosauria Ornithischia Genasauria Cerapoda Marginocephalia Ceratopsia Neoceratopsia,https://www.nhm.ac.uk/discover/dino-directory/graciliceratops.html
121,Gryposaurus,Euornithopod,Notabilis,Cretaceous,Late,North America,United States,Herbivorous,10.0,Medium,Dinosauria Ornithischia Genasauria Cerapoda Ornithopoda Euornithopoda Iguanadontia Euiguanadontia Dryomorpha Ankylopollexia Iguanodontoidea Hadrosauridae Euhadrosauria Hadrosaurinae,https://www.nhm.ac.uk/discover/dino-directory/gryposaurus.html
122,Guaibasaurus,Small Theropod,Candelariensis,Triassic,Late,South America,Brazil,Herbivorous,1.8,Short,Dinosauria Saurischia Theropoda,https://www.nhm.ac.uk/discover/dino-directory/guaibasaurus.html
123,Guanlong,Small Theropod,Wucaii,Jurassic,Late,Asia,China,Carnivorous,3.0,Medium,Dinosauria Saurischia Theropoda Neotheropoda Tetanurae Avetheropoda Coelurosauria Tyrannoraptora Tyrannosauroidea,https://www.nhm.ac.uk/discover/dino-directory/guanlong.html
124,Hadrosaurus,Euornithopod,Foulkii,Cretaceous,Late,North America,United States,Herbivorous,9.0,Medium,Dinosauria Ornithischia Genasauria Cerapoda Ornithopoda Euornithopoda Iguanadontia Euiguanadontia Dryomorpha Ankylopollexia Iguanodontoidea Hadrosauridae Euhadrosauria Hadrosaurinae,https://www.nhm.ac.uk/discover/dino-directory/hadrosaurus.html
125,Haplocanthosaurus,Sauropod,Priscus,Jurassic,Late,North America,United States,Herbivorous,21.5,Long,Dinosauria Saurischia Sauropodomorpha Sauropoda Eusauropoda Neosauropoda Macronaria Camarasauromorpha Camarasauridae,https://www.nhm.ac.uk/discover/dino-directory/haplocanthosaurus.html
126,Harpymimus,Small Theropod,Okladnikovi,Cretaceous,Early,Asia,Mongolia,Omnivorous,2.0,Medium,Dinosauria Saurischia Theropoda Neotheropoda Tetanurae Avetheropoda Coelurosauria Tyrannoraptora Maniraptoriformes Ornithomimosauria,https://www.nhm.ac.uk/discover/dino-directory/harpymimus.html
127,Herrerasaurus,Small Theropod,Ischigualastensis,Triassic,Late,South America,Argentina,Carnivorous,3.0,Medium,Dinosauria Saurischia Theropoda Herrerasauridae,https://www.nhm.ac.uk/discover/dino-directory/herrerasaurus.html
128,Hesperosaurus,Armoured Dinosaur,Mjosi,Jurassic,Late,North America,United States,Herbivorous,6.0,Medium,Dinosauria Ornithischia Genasauria Thyreophora Stegosauria Stegosauridae Stegosaurinae,https://www.nhm.ac.uk/discover/dino-directory/hesperosaurus.html
129,Heterodontosaurus,Euornithopod,Tucki,Jurassic,Early,Africa,South Africa,Herbivorous,1.2,Short,Dinosauria Ornithischia Genasauria Cerapoda Heterodontosauridae,https://www.nhm.ac.uk/discover/dino-directory/heterodontosaurus.html
130,Heyuannia,Small Theropod,Yanshini,Cretaceous,Late,Asia,Mongolia,Omnivorous,2.0,Medium,Dinosauria Saurischia Theropoda Neotheropoda Tetanurae Avetheropoda Coelurosauria Tyrannoraptora Maniraptoriformes Maniraptora Oviraptorosauria Caenagnathoidea Oviraptoridae Ingeniinae,https://www.nhm.ac.uk/discover/dino-directory/heyuannia.html
131,Homalocephale,Euornithopod,Calathocercos,Cretaceous,Late,Asia,Mongolia,Herbivorous,1.5,Short,Dinosauria Ornithischia Genasauria Cerapoda Marginocephalia Pachycephalosauria Goyocephala Homalocephaloidea,https://www.nhm.ac.uk/discover/dino-directory/homalocephale.html
132,Huayangosaurus,Armoured Dinosaur,Taibaii,Jurassic,Mid,Asia,China,Herbivorous,4.5,Medium,Dinosauria Ornithischia Genasauria Thyreophora Stegosauria Huayangosauridae,https://www.nhm.ac.uk/discover/dino-directory/huayangosaurus.html
133,Hylaeosaurus,Armoured Dinosaur,Armatus,Cretaceous,Early,Europe,United Kingdom,Herbivorous,5.0,Medium,Dinosauria Ornithischia Genasauria Thyreophora Ankylosauromorpha Ankylosauria,https://www.nhm.ac.uk/discover/dino-directory/hylaeosaurus.html
134,Hypacrosaurus,Euornithopod,Altispinus,Cretaceous,Late,North America,United States,Herbivorous,9.0,Medium,Dinosauria Ornithischia Genasauria Cerapoda Ornithopoda Euornithopoda Iguanadontia Euiguanadontia Dryomorpha Ankylopollexia Iguanodontoidea Hadrosauridae Euhadrosauria Lambeosaurinae,https://www.nhm.ac.uk/discover/dino-directory/hypacrosaurus.html
135,Hypsilophodon,Euornithopod,Foxii,Cretaceous,Early,Europe,United Kingdom,Herbivorous,2.3,Medium,Dinosauria Ornithischia Genasauria Cerapoda Ornithopoda Euornithopoda Hypsilophodontidae,https://www.nhm.ac.uk/discover/dino-directory/hypsilophodon.html
136,Iguanodon,Euornithopod,Bernissartensis,Cretaceous,Early,Europe,United Kingdom,Herbivorous,10.0,Medium,Dinosauria Ornithischia Genasauria Cerapoda Ornithopoda Euornithopoda Iguanadontia Euiguanadontia Dryomorpha Ankylopollexia Iguanodontoidea,https://www.nhm.ac.uk/discover/dino-directory/iguanodon.html
137,Indosuchus,Large Theropod,Raptorius,Cretaceous,Late,Asia,India,Carnivorous,7.0,Medium,Dinosauria Saurischia Theropoda Neotheropoda Ceratosauria Neoceratosauria,https://www.nhm.ac.uk/discover/dino-directory/indosuchus.html
138,Irritator,Large Theropod,Challengeri,Cretaceous,Early,South America,Brazil,Carnivorous,6.5,Medium,Dinosauria Saurischia Theropoda Neotheropoda Tetanurae Spinosauroidea Spinosauridae Spinosaurinae,https://www.nhm.ac.uk/discover/dino-directory/irritator.html
139,Isisaurus,Sauropod,Colberti,Cretaceous,Late,Asia,India,Herbivorous,18.0,Long,Dinosauria Saurischia Sauropodomorpha Sauropoda Eusauropoda Neosauropoda Macronaria Camarasauromorpha Titanosauriformes Titanosauria Lithostrotia,https://www.nhm.ac.uk/discover/dino-directory/isisaurus.html
140,Janenschia,Sauropod,Robusta,Jurassic,Late,Africa,Tanzania,Herbivorous,20.0,Long,Dinosauria Saurischia Sauropodomorpha Sauropoda Eusauropoda Neosauropoda Macronaria Camarasauromorpha Titanosauriformes Titanosauria,https://www.nhm.ac.uk/discover/dino-directory/janenschia.html
141,Jaxartosaurus,Euornithopod,Aralensis,Cretaceous,Late,Asia,Kazakhstan,Herbivorous,9.0,Medium,Dinosauria Ornithischia Genasauria Cerapoda Ornithopoda Euornithopoda Iguanadontia Euiguanadontia Dryomorpha Ankylopollexia Iguanodontoidea Hadrosauridae Euhadrosauria Lambeosaurinae,https://www.nhm.ac.uk/discover/dino-directory/jaxartosaurus.html
142,Jingshanosaurus,Sauropod,Xinwaensis,Jurassic,Early,Asia,China,Herbivorous,5.0,Medium,Dinosauria Saurischia Sauropodomorpha Prosauropoda Plateosauria,https://www.nhm.ac.uk/discover/dino-directory/jingshanosaurus.html
143,Jinzhousaurus,Euornithopod,Yangi,Cretaceous,Early,Asia,China,Herbivorous,7.0,Medium,Dinosauria Ornithischia Genasauria Cerapoda Ornithopoda Euornithopoda Iguanadontia Euiguanadontia Dryomorpha Ankylopollexia Iguanodontoidea,https://www.nhm.ac.uk/discover/dino-directory/jinzhousaurus.html
144,Jobaria,Sauropod,Tiguidensis,Cretaceous,Early,Africa,Niger,Herbivorous,21.0,Long,Dinosauria Saurischia Sauropodomorpha Sauropoda Eusauropoda Neosauropoda Macronaria,https://www.nhm.ac.uk/discover/dino-directory/jobaria.html
145,Juravenator,Small Theropod,Starki,Jurassic,Late,Europe,Germany,Carnivorous,0.8,Short,Dinosauria Saurischia Theropoda Neotheropoda Tetanurae Avetheropoda Coelurosauria Compsognathidae,https://www.nhm.ac.uk/discover/dino-directory/juravenator.html
146,Kentrosaurus,Armoured Dinosaur,Aethiopicus,Jurassic,Late,Africa,Tanzania,Herbivorous,5.0,Medium,Dinosauria Ornithischia Genasauria Thyreophora Stegosauria Stegosauridae Stegosaurinae,https://www.nhm.ac.uk/discover/dino-directory/kentrosaurus.html
147,Khaan,Small Theropod,Mckennai,Cretaceous,Late,Asia,Mongolia,Omnivorous,1.8,Short,Dinosauria Saurischia Theropoda Neotheropoda Tetanurae Avetheropoda Coelurosauria Tyrannoraptora Maniraptoriformes Maniraptora Oviraptorosauria Caenagnathoidea Oviraptoridae Ingeniinae,https://www.nhm.ac.uk/discover/dino-directory/khaan.html
148,Kotasaurus,Sauropod,Yamanpalliensis,Jurassic,Early,Asia,India,Herbivorous,9.0,Medium,Dinosauria Saurischia Sauropodomorpha Sauropoda,https://www.nhm.ac.uk/discover/dino-directory/kotasaurus.html
149,Kritosaurus,Euornithopod,Navajovius,Cretaceous,Late,North America,United States,Herbivorous,8.0,Medium,Dinosauria Ornithischia Genasauria Cerapoda Ornithopoda Euornithopoda Iguanadontia Euiguanadontia Dryomorpha Ankylopollexia Iguanodontoidea Hadrosauridae Euhadrosauria Hadrosaurinae,https://www.nhm.ac.uk/discover/dino-directory/kritosaurus.html
150,Lambeosaurus,Euornithopod,Lambei,Cretaceous,Late,North America,Canada,Herbivorous,9.0,Medium,Dinosauria Ornithischia Genasauria Cerapoda Ornithopoda Euornithopoda Iguanadontia Euiguanadontia Dryomorpha Ankylopollexia Iguanodontoidea Hadrosauridae Euhadrosauria Lambeosaurinae,https://www.nhm.ac.uk/discover/dino-directory/lambeosaurus.html
151,Lapparentosaurus,Sauropod,Madagascariensis,Jurassic,Mid,Africa,Madagascar,Herbivorous,15.0,Long,Dinosauria Saurischia Sauropodomorpha Sauropoda Eusauropoda Neosauropoda Macronaria Camarasauromorpha Titanosauriformes,https://www.nhm.ac.uk/discover/dino-directory/lapparentosaurus.html
152,Leaellynasaura,Euornithopod,Amicagraphica,Cretaceous,Early,Oceania,Australia,Herbivorous,2.0,Medium,Dinosauria Ornithischia Genasauria Cerapoda Ornithopoda Euornithopoda,https://www.nhm.ac.uk/discover/dino-directory/leaellynasaura.html
153,Leptoceratops,Ceratopsian,Gracilis,Cretaceous,Late,North America,United States,Herbivorous,3.0,Medium,Dinosauria Ornithischia Genasauria Cerapoda Marginocephalia Ceratopsia Neoceratopsia Coronosauria,https://www.nhm.ac.uk/discover/dino-directory/leptoceratops.html
154,Liaoceratops,Ceratopsian,Yanzigouensis,Cretaceous,Early,Asia,China,Herbivorous,1.0,Short,Dinosauria Ornithischia Genasauria Cerapoda Marginocephalia Ceratopsia Neoceratopsia,https://www.nhm.ac.uk/discover/dino-directory/liaoceratops.html
155,Ligabuesaurus,Sauropod,Leanzai,Cretaceous,Early,South America,Argentina,Herbivorous,24.0,Long,Dinosauria Saurischia Sauropodomorpha Sauropoda Eusauropoda Neosauropoda Macronaria Camarasauromorpha Titanosauriformes Titanosauria,https://www.nhm.ac.uk/discover/dino-directory/ligabuesaurus.html
156,Liliensternus,Small Theropod,Liliensterni,Triassic,Late,Europe,Germany,Carnivorous,5.0,Medium,Dinosauria Saurischia Theropoda Neotheropoda,https://www.nhm.ac.uk/discover/dino-directory/liliensternus.html
157,Lophorhothon,Euornithopod,Atopus,Cretaceous,Late,North America,United States,Herbivorous,4.5,Medium,Dinosauria Ornithischia Genasauria Cerapoda Ornithopoda Euornithopoda Iguanadontia Euiguanadontia Dryomorpha Ankylopollexia Iguanodontoidea Hadrosauridae Euhadrosauria Hadrosaurinae,https://www.nhm.ac.uk/discover/dino-directory/lophorhothon.html
158,Lophostropheus,Large Theropod,Airelensis,Jurassic,Early,Europe,France,Carnivorous,6.2,Medium,Dinosauria Saurischia,https://www.nhm.ac.uk/discover/dino-directory/lophostropheus.html
159,Lufengosaurus,Sauropod,Huenei,Jurassic,Early,Asia,China,Herbivorous,6.0,Medium,Dinosauria Saurischia Sauropodomorpha Prosauropoda Plateosauria Plateosauridae,https://www.nhm.ac.uk/discover/dino-directory/lufengosaurus.html
160,Lurdusaurus,Euornithopod,Arenatus,Cretaceous,Early,Africa,Niger,Herbivorous,9.0,Medium,Dinosauria Ornithischia Genasauria Cerapoda Ornithopoda Euornithopoda Iguanadontia Euiguanadontia Dryomorpha Ankylopollexia Iguanodontoidea,https://www.nhm.ac.uk/discover/dino-directory/lurdusaurus.html
161,Lycorhinus,Euornithopod,Angustidens,Triassic,Late,Africa,South Africa,Herbivorous,1.2,Short,Dinosauria Ornithischia Genasauria Cerapoda Heterodontosauridae,https://www.nhm.ac.uk/discover/dino-directory/lycorhinus.html
162,Magyarosaurus,Sauropod,Dacus,Cretaceous,Late,Europe,Romania,Herbivorous,5.0,Medium,Dinosauria Saurischia Sauropodomorpha Sauropoda Eusauropoda Neosauropoda Macronaria Camarasauromorpha Titanosauriformes Titanosauria Lithostrotia,https://www.nhm.ac.uk/discover/dino-directory/magyarosaurus.html
163,Maiasaura,Euornithopod,Peeblesorum,Cretaceous,Late,North America,United States,Herbivorous,9.0,Medium,Dinosauria Ornithischia Genasauria Cerapoda Ornithopoda Euornithopoda Iguanadontia Euiguanadontia Dryomorpha Ankylopollexia Iguanodontoidea Hadrosauridae Euhadrosauria Hadrosaurinae,https://www.nhm.ac.uk/discover/dino-directory/maiasaura.html
164,Majungasaurus,Large Theropod,Atopus,Cretaceous,Late,Africa,Madagascar,Carnivorous,6.0,Medium,Dinosauria Saurischia Theropoda Neotheropoda Ceratosauria Neoceratosauria Abelisauridae,https://www.nhm.ac.uk/discover/dino-directory/majungasaurus.html
165,Malawisaurus,Sauropod,Dixeyi,Cretaceous,Early,Africa,Malawi,Herbivorous,9.0,Medium,Dinosauria Saurischia Sauropodomorpha Sauropoda Eusauropoda Neosauropoda Macronaria Camarasauromorpha Titanosauriformes Titanosauria Lithostrotia,https://www.nhm.ac.uk/discover/dino-directory/malawisaurus.html
166,Mamenchisaurus,Sauropod,Constructus,Jurassic,Late,Asia,China,Herbivorous,22.0,Long,Dinosauria Saurischia Sauropodomorpha Sauropoda Eusauropoda,https://www.nhm.ac.uk/discover/dino-directory/mamenchisaurus.html
167,Mapusaurus,Large Theropod,Roseae,Cretaceous,Late,South America,Argentina,Carnivorous,13.0,Long,Dinosauria Saurischia Theropoda Neotheropoda Tetanurae Avetheropoda Carnosauria Allosauroidea Allosauridae Charcharodontosauridae Giganotosaurinae,https://www.nhm.ac.uk/discover/dino-directory/mapusaurus.html
168,Marshosaurus,Large Theropod,Bicentesimus,Jurassic,Late,North America,United States,Carnivorous,6.0,Medium,Dinosauria Saurischia Theropoda Neotheropoda Tetanurae Avetheropoda,https://www.nhm.ac.uk/discover/dino-directory/marshosaurus.html
169,Masiakasaurus,Small Theropod,Knopfleri,Cretaceous,Late,Africa,Madagascar,Carnivorous,2.0,Medium,Dinosauria Saurischia Theropoda Neotheropoda Ceratosauria Neoceratosauria Abelisauroidea Abelisauria,https://www.nhm.ac.uk/discover/dino-directory/masiakasaurus.html
170,Massospondylus,Sauropod,Carinatus,Jurassic,Early,Africa,Zimbabwe,Omnivorous,4.0,Medium,Dinosauria Saurischia Sauropodomorpha Prosauropoda Plateosauria Plateosauridae,https://www.nhm.ac.uk/discover/dino-directory/massospondylus.html
171,Maxakalisaurus,Sauropod,Topai,Cretaceous,Late,South America,Brazil,Herbivorous,13.0,Long,Dinosauria Saurischia Sauropodomorpha Sauropoda Eusauropoda Neosauropoda Macronaria Camarasauromorpha Titanosauriformes Titanosauria Lithostrotia Saltasauridae Saltasaurinae,https://www.nhm.ac.uk/discover/dino-directory/maxakalisaurus.html
172,Megalosaurus,Large Theropod,Bucklandii,Jurassic,Mid,Europe,United Kingdom,Carnivorous,9.0,Medium,Dinosauria Saurischia Theropoda Neotheropoda Tetanurae Spinosauroidea Megalosauridae Megalosaurinae,https://www.nhm.ac.uk/discover/dino-directory/megalosaurus.html
173,Melanorosaurus,Sauropod,Readi,Triassic,Late,Africa,South Africa,Omnivorous,12.0,Long,Dinosauria Saurischia Sauropodomorpha Prosauropoda Anchisauria Melanorosauridae,https://www.nhm.ac.uk/discover/dino-directory/melanorosaurus.html
174,Metriacanthosaurus,Large Theropod,Parkeri,Jurassic,Late,Europe,United Kingdom,Carnivorous,8.2,Medium,Dinosauria Saurischia Theropoda Neotheropoda Tetanurae,https://www.nhm.ac.uk/discover/dino-directory/metriacanthosaurus.html
175,Microceratus,Ceratopsian,Gobiensis,Cretaceous,Late,Asia,Mongolia,Herbivorous,0.5,Short,Dinosauria Ornithischia Genasauria Cerapoda Marginocephalia Ceratopsia Neoceratopsia Coronosauria,https://www.nhm.ac.uk/discover/dino-directory/microceratus.html
176,Micropachycephalosaurus,Ceratopsian,Hongtuyanensis,Cretaceous,Late,Asia,China,Herbivorous,0.6,Short,Dinosauria Ornithischia Genasauria Cerapoda Marginocephalia Pachycephalosauria,https://www.nhm.ac.uk/discover/dino-directory/micropachycephalosaurus.html
177,Microraptor,Small Theropod,Zhaoianus,Cretaceous,Early,Asia,China,Carnivorous,0.8,Short,Dinosauria Saurischia Theropoda Neotheropoda Tetanurae Avetheropoda Coelurosauria Tyrannoraptora Maniraptoriformes Maniraptora Paraves Eumaniraptora Dromaeosauridae,https://www.nhm.ac.uk/discover/dino-directory/microraptor.html
178,Minmi,Armoured Dinosaur,Paravertebra,Cretaceous,Early,Oceania,Australia,Herbivorous,3.0,Medium,Dinosauria Ornithischia Genasauria Thyreophora Ankylosauromorpha Ankylosauria,https://www.nhm.ac.uk/discover/dino-directory/minmi.html
179,Monolophosaurus,Large Theropod,Jiangi,Jurassic,Mid,Asia,China,Carnivorous,5.7,Medium,Dinosauria Saurischia Theropoda Neotheropoda Tetanurae Avetheropoda Carnosauria,https://www.nhm.ac.uk/discover/dino-directory/monolophosaurus.html
180,Mononykus,Small Theropod,Olecranus,Cretaceous,Late,Asia,Mongolia,Unknown,1.0,Short,Dinosauria Saurischia Theropoda Neotheropoda Tetanurae Avetheropoda Coelurosauria Tyrannoraptora Maniraptoriformes Maniraptora Alvarezsauridae,https://www.nhm.ac.uk/discover/dino-directory/mononykus.html
181,Mussaurus,Sauropod,Patagonicus,Triassic,Late,South America,Argentina,Herbivorous,3.0,Medium,Dinosauria Saurischia Sauropodomorpha Prosauropoda Plateosauria Plateosauridae,https://www.nhm.ac.uk/discover/dino-directory/mussaurus.html
182,Muttaburrasaurus,Euornithopod,Langdoni,Cretaceous,Early,Oceania,Australia,Herbivorous,7.0,Medium,Dinosauria Ornithischia Genasauria Cerapoda Ornithopoda Euornithopoda Iguanadontia Euiguanadontia Dryomorpha Ankylopollexia Iguanodontoidea,https://www.nhm.ac.uk/discover/dino-directory/muttaburrasaurus.html
183,Nanshiungosaurus,Large Theropod,Brevispinus,Cretaceous,Late,Asia,China,Omnivorous,4.4,Medium,Dinosauria Saurischia Theropoda Neotheropoda Tetanurae Avetheropoda Coelurosauria Tyrannoraptora Maniraptoriformes Maniraptora Therizinosauroidea Therizinosauridae,https://www.nhm.ac.uk/discover/dino-directory/nanshiungosaurus.html
184,Nedoceratops,Ceratopsian,Hatcheri,Cretaceous,Late,North America,United States,Herbivorous,7.0,Medium,Dinosauria Ornithischia Genasauria Cerapoda Marginocephalia Ceratopsia Neoceratopsia Coronosauria Ceratopsidae Chasmosaurinae,https://www.nhm.ac.uk/discover/dino-directory/nedoceratops.html
185,Nemegtosaurus,Sauropod,Mongoliensis,Cretaceous,Late,Asia,Mongolia,Herbivorous,13.0,Long,Dinosauria Saurischia Sauropodomorpha Sauropoda Eusauropoda Neosauropoda Diplodocoidea Nemegtosauridae,https://www.nhm.ac.uk/discover/dino-directory/nemegtosaurus.html
186,Neovenator,Large Theropod,Salerii,Cretaceous,Early,Europe,United Kingdom,Carnivorous,7.4,Medium,Dinosauria Saurischia Theropoda Neotheropoda Tetanurae Avetheropoda Carnosauria Allosauroidea Carcharodontosauridae,https://www.nhm.ac.uk/discover/dino-directory/neovenator.html
187,Neuquenosaurus,Sauropod,Australis,Cretaceous,Late,South America,Argentina,Herbivorous,10.0,Medium,Dinosauria Saurischia Sauropodomorpha Sauropoda Eusauropoda Neosauropoda Macronaria Camarasauromorpha Titanosauriformes Titanosauria Lithostrotia Saltasauridae,https://www.nhm.ac.uk/discover/dino-directory/neuquenosaurus.html
188,Nigersaurus,Sauropod,Taqueti,Cretaceous,Early,Africa,Tunisia,Herbivorous,15.0,Long,Dinosauria Saurischia Sauropodomorpha Sauropoda Eusauropoda Neosauropoda Diplodocoidea Rebbachisauridae,https://www.nhm.ac.uk/discover/dino-directory/nigersaurus.html
189,Nipponosaurus,Euornithopod,Sachalinensis,Cretaceous,Late,Asia,Russia,Herbivorous,4.0,Medium,Dinosauria Ornithischia Genasauria Cerapoda Ornithopoda Euornithopoda Iguanadontia Euiguanadontia Dryomorpha Ankylopollexia Iguanodontoidea Hadrosauridae Euhadrosauria Lambeosaurinae,https://www.nhm.ac.uk/discover/dino-directory/nipponosaurus.html
190,Noasaurus,Small Theropod,Leali,Cretaceous,Late,South America,Argentina,Carnivorous,1.0,Short,Dinosauria Saurischia Theropoda Neotheropoda Ceratosauria Neoceratosauria Abelisauroidea Abelisauria,https://www.nhm.ac.uk/discover/dino-directory/noasaurus.html
191,Nodosaurus,Armoured Dinosaur,Textilis,Cretaceous,Early,North America,United States,Herbivorous,5.0,Medium,Dinosauria Ornithischia Genasauria Thyreophora Ankylosauromorpha Ankylosauria Nodosauridae,https://www.nhm.ac.uk/discover/dino-directory/nodosaurus.html
192,Nomingia,Small Theropod,Gobiensis,Cretaceous,Late,Asia,Mongolia,Omnivorous,1.6,Short,Dinosauria Saurischia Theropoda Neotheropoda Tetanurae Avetheropoda Coelurosauria Tyrannoraptora Maniraptoriformes Maniraptora Oviraptorosauria Caenagnathoidea Caenagnathidae,https://www.nhm.ac.uk/discover/dino-directory/nomingia.html
193,Nothronychus,Large Theropod,Mckinleyi,Cretaceous,Late,North America,United States,Omnivorous,5.3,Medium,Dinosauria Saurischia Theropoda Neotheropoda Tetanurae Avetheropoda Coelurosauria Tyrannoraptora Maniraptoriformes Maniraptora Therizinosauroidea Therizinosauridae,https://www.nhm.ac.uk/discover/dino-directory/nothronychus.html
194,Nqwebasaurus,Small Theropod,Thwazi,Jurassic,Mid,Africa,South Africa,Carnivorous,1.0,Short,Dinosauria Saurischia Theropoda Neotheropoda Tetanurae Avetheropoda Coelurosauria,https://www.nhm.ac.uk/discover/dino-directory/nqwebasaurus.html
195,Omeisaurus,Sauropod,Junghsiensis,Jurassic,Mid,Asia,China,Herbivorous,20.0,Long,Dinosauria Saurischia Sauropodomorpha Sauropoda Eusauropoda,https://www.nhm.ac.uk/discover/dino-directory/omeisaurus.html
196,Opisthocoelicaudia,Sauropod,Skarzynskii ,Cretaceous,Late,Asia,Mongolia,Herbivorous,12.0,Long,Dinosauria Saurischia Sauropodomorpha Sauropoda Eusauropoda Neosauropoda Macronaria Camarasauromorpha Titanosauriformes Titanosauria Lithostrotia Saltasauridae,https://www.nhm.ac.uk/discover/dino-directory/opisthocoelicaudia.html
197,Ornitholestes,Small Theropod,Hermanni,Jurassic,Late,North America,United States,Carnivorous,2.0,Medium,Dinosauria Saurischia Theropoda Neotheropoda Tetanurae Avetheropoda Coelurosauria,https://www.nhm.ac.uk/discover/dino-directory/ornitholestes.html
198,Ornithomimus,Large Theropod,Velox,Cretaceous,Late,North America,United States,Omnivorous,4.0,Medium,Dinosauria Saurischia Theropoda Neotheropoda Tetanurae Avetheropoda Coelurosauria Tyrannoraptora Maniraptoriformes Ornithomimosauria Ornithomimidae,https://www.nhm.ac.uk/discover/dino-directory/ornithomimus.html
199,Orodromeus,Euornithopod,Makelai,Cretaceous,Late,North America,United States,Herbivorous,2.0,Medium,Dinosauria Ornithischia Genasauria Cerapoda Ornithopoda Euornithopoda,https://www.nhm.ac.uk/discover/dino-directory/orodromeus.html
200,Oryctodromeus,Euornithopod,Cubicularis,Cretaceous,Late,North America,United States,Herbivorous,2.1,Medium,Dinosauria Ornithischia,https://www.nhm.ac.uk/discover/dino-directory/oryctodromeus.html
201,Othnielia,Euornithopod,Rex,Jurassic,Late,North America,United States,Herbivorous,1.4,Short,Dinosauria Ornithischia Genasauria Cerapoda Ornithopoda Euornithopoda,https://www.nhm.ac.uk/discover/dino-directory/othnielia.html
202,Ouranosaurus,Euornithopod,Nigeriensis,Cretaceous,Early,Africa,Niger,Herbivorous,7.0,Medium,Dinosauria Ornithischia Genasauria Cerapoda Ornithopoda Euornithopoda Iguanadontia Euiguanadontia Dryomorpha Ankylopollexia Iguanodontoidea,https://www.nhm.ac.uk/discover/dino-directory/ouranosaurus.html
203,Oviraptor,Small Theropod,Philoceratops,Cretaceous,Late,Asia,Mongolia,Omnivorous,2.0,Medium,Dinosauria Saurischia Theropoda Neotheropoda Tetanurae Avetheropoda Coelurosauria Tyrannoraptora Maniraptoriformes Maniraptora Oviraptorosauria Caenagnathoidea Oviraptoridae Oviraptorinae,https://www.nhm.ac.uk/discover/dino-directory/oviraptor.html
204,Pachycephalosaurus,Euornithopod,Wyomingensis,Cretaceous,Late,North America,United States,Herbivorous,8.0,Medium,Dinosauria Ornithischia Genasauria Cerapoda Marginocephalia Pachycephalosauria Goyocephala Homalocephaloidea Pachycephalosauridae,https://www.nhm.ac.uk/discover/dino-directory/pachycephalosaurus.html
205,Pachyrhinosaurus,Ceratopsian,Canadensis,Cretaceous,Late,North America,Canada,Herbivorous,6.0,Medium,Dinosauria Ornithischia Genasauria Cerapoda Marginocephalia Ceratopsia Neoceratopsia Coronosauria Ceratopsidae Centrosaurinae,https://www.nhm.ac.uk/discover/dino-directory/pachyrhinosaurus.html
206,Panoplosaurus,Armoured Dinosaur,Mirus,Cretaceous,Late,North America,United States,Herbivorous,7.0,Medium,Dinosauria Ornithischia Genasauria Thyreophora Ankylosauromorpha Ankylosauria Nodosauridae,https://www.nhm.ac.uk/discover/dino-directory/panoplosaurus.html
207,Pantydraco,Euornithopod,Caducus,Jurassic,Early,Europe,Wales,Herbivorous,3.0,Medium,Dinosauria Saurischia,https://www.nhm.ac.uk/discover/dino-directory/pantydraco.html
208,Paralititan,Sauropod,Stromeri,Cretaceous,Late,Africa,Egypt,Herbivorous,28.0,Long,Dinosauria Saurischia Sauropodomorpha Sauropoda Eusauropoda Neosauropoda Macronaria Camarasauromorpha Titanosauriformes Titanosauria Lithostrotia,https://www.nhm.ac.uk/discover/dino-directory/paralititan.html
209,Parasaurolophus,Euornithopod,Walkeri,Cretaceous,Late,North America,United States,Herbivorous,11.0,Long,Dinosauria Ornithischia Genasauria Cerapoda Ornithopoda Euornithopoda Iguanadontia Euiguanadontia Dryomorpha Ankylopollexia Iguanodontoidea Hadrosauridae Euhadrosauria Lambeosaurinae,https://www.nhm.ac.uk/discover/dino-directory/parasaurolophus.html
210,Parksosaurus,Euornithopod,Warrenae,Cretaceous,Late,North America,Canada,Herbivorous,3.0,Medium,Dinosauria Ornithischia Genasauria Cerapoda Ornithopoda Euornithopoda,https://www.nhm.ac.uk/discover/dino-directory/parksosaurus.html
211,Patagosaurus,Sauropod,Fariasi,Jurassic,Mid,South America,Argentina,Herbivorous,18.0,Long,Dinosauria Saurischia Sauropodomorpha Sauropoda Eusauropoda Cetiosauridae,https://www.nhm.ac.uk/discover/dino-directory/patagosaurus.html
212,Pelicanimimus,Small Theropod,Polyodon,Cretaceous,Early,Europe,Spain,Carnivorous,2.0,Medium,Dinosauria Saurischia Theropoda Neotheropoda Tetanurae Avetheropoda Coelurosauria Tyrannoraptora Maniraptoriformes Ornithomimosauria,https://www.nhm.ac.uk/discover/dino-directory/pelicanimimus.html
213,Pelorosaurus,Sauropod,Conybearei,Cretaceous,Early,Europe,United Kingdom,Herbivorous,25.0,Long,Dinosauria Saurischia Sauropodomorpha Sauropoda Eusauropoda Neosauropoda Macronaria Camarasauromorpha Titanosauriformes,https://www.nhm.ac.uk/discover/dino-directory/pelorosaurus.html
214,Pentaceratops,Ceratopsian,Sternbergi,Cretaceous,Late,North America,United States,Herbivorous,6.8,Medium,Dinosauria Ornithischia Genasauria Cerapoda Marginocephalia Ceratopsia Neoceratopsia Coronosauria Ceratopsidae Chasmosaurinae,https://www.nhm.ac.uk/discover/dino-directory/pentaceratops.html
215,Piatnitzkysaurus,Large Theropod,Floresi,Jurassic,Late,South America,Argentina,Carnivorous,4.2,Medium,Dinosauria Saurischia Theropoda Neotheropoda Tetanurae Spinosauroidea Megalosauridae Eustreptospondylinae,https://www.nhm.ac.uk/discover/dino-directory/piatnitzkysaurus.html
216,Pinacosaurus,Armoured Dinosaur,Grangeri,Cretaceous,Late,Asia,Mongolia,Herbivorous,5.0,Medium,Dinosauria Ornithischia Genasauria Thyreophora Ankylosauromorpha Ankylosauria Ankylosauridae,https://www.nhm.ac.uk/discover/dino-directory/pinacosaurus.html
217,Plateosaurus,Sauropod,Engelhardti,Triassic,Late,Europe,Switzerland,Herbivorous,7.0,Medium,Dinosauria Saurischia Sauropodomorpha Prosauropoda Plateosauria Plateosauridae,https://www.nhm.ac.uk/discover/dino-directory/plateosaurus.html
218,Podokesaurus,Small Theropod,Holyokensis,Jurassic,Mid,North America,United States,Carnivorous,0.9,Short,Dinosauria Saurischia Theropoda Neotheropoda Coelophysoidea,https://www.nhm.ac.uk/discover/dino-directory/podokesaurus.html
219,Poekilopleuron,Large Theropod,Bucklandii,Jurassic,Mid,Europe,France,Carnivorous,9.0,Medium,Dinosauria Saurischia Theropoda Neotheropoda Tetanurae Spinosauroidea Megalosauridae Megalosaurinae,https://www.nhm.ac.uk/discover/dino-directory/poekilopleuron.html
220,Polacanthus,Armoured Dinosaur,Foxii,Cretaceous,Early,Europe,United Kingdom,Herbivorous,5.0,Medium,Dinosauria Ornithischia Genasauria Thyreophora Ankylosauromorpha Ankylosauria,https://www.nhm.ac.uk/discover/dino-directory/polacanthus.html
221,Prenocephale,Euornithopod,Prenes,Cretaceous,Late,Asia,Mongolia,Herbivorous,2.4,Medium,Dinosauria Ornithischia Genasauria Cerapoda Marginocephalia Pachycephalosauria Goyocephala Homalocephaloidea Pachycephalosauridae,https://www.nhm.ac.uk/discover/dino-directory/prenocephale.html
222,Probactrosaurus,Euornithopod,Gobiensis,Cretaceous,Early,Asia,China,Herbivorous,6.0,Medium,Dinosauria Ornithischia Genasauria Cerapoda Ornithopoda Euornithopoda Iguanadontia Euiguanadontia Dryomorpha Ankylopollexia Iguanodontoidea,https://www.nhm.ac.uk/discover/dino-directory/probactrosaurus.html
223,Proceratosaurus,Small Theropod,Bradleyi,Jurassic,Mid,Europe,United Kingdom,Carnivorous,4.1,Medium,Dinosauria Saurischia Theropoda Neotheropoda Tetanurae Avetheropoda Coelurosauria,https://www.nhm.ac.uk/discover/dino-directory/proceratosaurus.html
224,Procompsognathus,Small Theropod,Triassicus,Triassic,Late,Europe,Germany,Carnivorous,1.0,Short,Dinosauria Saurischia Theropoda Neotheropoda Coelophysoidea,https://www.nhm.ac.uk/discover/dino-directory/procompsognathus.html
225,Prosaurolophus,Euornithopod,Maximus,Cretaceous,Late,North America,United States,Herbivorous,7.6,Medium,Dinosauria Ornithischia Genasauria Cerapoda Ornithopoda Euornithopoda Iguanadontia Euiguanadontia Dryomorpha Ankylopollexia Iguanodontoidea Hadrosauridae Euhadrosauria Hadrosaurinae,https://www.nhm.ac.uk/discover/dino-directory/prosaurolophus.html
226,Protarchaeopteryx,Small Theropod,Robusta,Cretaceous,Early,Asia,China,Carnivorous,2.0,Medium,Dinosauria Saurischia Theropoda Neotheropoda Tetanurae Avetheropoda Coelurosauria Tyrannoraptora Maniraptoriformes Maniraptora Paraves Eumaniraptora,https://www.nhm.ac.uk/discover/dino-directory/protarchaeopteryx.html
227,Protoceratops,Ceratopsian,Andrewsi,Cretaceous,Late,Asia,Mongolia,Herbivorous,1.8,Short,Dinosauria Ornithischia Genasauria Cerapoda Marginocephalia Ceratopsia Neoceratopsia Coronosauria,https://www.nhm.ac.uk/discover/dino-directory/protoceratops.html
228,Protohadros,Euornithopod,Byrdi,Cretaceous,Late,North America,United States,Herbivorous,6.0,Medium,Dinosauria Ornithischia Genasauria Cerapoda Ornithopoda Euornithopoda Iguanadontia Euiguanadontia Dryomorpha Ankylopollexia Iguanodontoidea,https://www.nhm.ac.uk/discover/dino-directory/protohadros.html
229,Psittacosaurus,Ceratopsian,Mongoliensis,Cretaceous,Early,Asia,Russia,Herbivorous,2.0,Medium,Dinosauria Ornithischia Genasauria Cerapoda Marginocephalia Ceratopsia Psittacosauridae,https://www.nhm.ac.uk/discover/dino-directory/psittacosaurus.html
230,Quaesitosaurus,Sauropod,Orientalis,Cretaceous,Late,Asia,Mongolia,Herbivorous,23.0,Long,Dinosauria Saurischia Sauropodomorpha Sauropoda Eusauropoda Neosauropoda Diplodocoidea Nemegtosauridae,https://www.nhm.ac.uk/discover/dino-directory/quaesitosaurus.html
231,Rebbachisaurus,Sauropod,Garasbae,Cretaceous,Early,Africa,Morocco,Herbivorous,20.0,Long,Dinosauria Saurischia Sauropodomorpha Sauropoda Eusauropoda Neosauropoda Diplodocoidea Rebbachisauridae,https://www.nhm.ac.uk/discover/dino-directory/rebbachisaurus.html
232,Rhabdodon,Euornithopod,Priscus,Cretaceous,Late,Europe,Spain,Herbivorous,4.0,Medium,Dinosauria Ornithischia Genasauria Cerapoda Ornithopoda Euornithopoda Iguanadontia Rhabdodontidae,https://www.nhm.ac.uk/discover/dino-directory/rhabdodon.html
233,Rhoetosaurus,Sauropod,Brownei,Jurassic,Mid,Oceania,Australia,Herbivorous,15.0,Long,Dinosauria Saurischia Sauropodomorpha Sauropoda,https://www.nhm.ac.uk/discover/dino-directory/rhoetosaurus.html
234,Rinchenia,Small Theropod,Mongoliensis,Cretaceous,Late,Asia,Mongolia,Omnivorous,2.5,Medium,Dinosauria Saurischia Theropoda Neotheropoda Tetanurae Avetheropoda Coelurosauria Tyrannoraptora Maniraptoriformes Maniraptora Oviraptorosauria Caenagnathoidea Oviraptoridae Oviraptorinae,https://www.nhm.ac.uk/discover/dino-directory/rinchenia.html
235,Riojasaurus,Sauropod,Incertus,Triassic,Late,South America,Argentina,Herbivorous/Omnivorous,5.15,Medium,Dinosauria Saurischia Sauropodomorpha Prosauropoda Anchisauria Melanorosauridae,https://www.nhm.ac.uk/discover/dino-directory/riojasaurus.html
236,Rugops,Large Theropod,Primus,Cretaceous,Late,Africa,Niger,Carnivorous,7.0,Medium,Dinosauria Saurischia Theropoda Neotheropoda Ceratosauria Neoceratosauria Abelisauridae,https://www.nhm.ac.uk/discover/dino-directory/rugops.html
237,Saichania,Armoured Dinosaur,Chulsanensis,Cretaceous,Late,Asia,Mongolia,Herbivorous,6.6,Medium,Dinosauria Ornithischia Genasauria Thyreophora Ankylosauromorpha Ankylosauria Ankylosauridae,https://www.nhm.ac.uk/discover/dino-directory/saichania.html
238,Saltasaurus,Sauropod,Loricatus,Cretaceous,Late,South America,Argentina,Herbivorous,12.0,Long,Dinosauria Saurischia Sauropodomorpha Sauropoda Eusauropoda Neosauropoda Macronaria Camarasauromorpha Titanosauriformes Titanosauria Lithostrotia Saltasauridae,https://www.nhm.ac.uk/discover/dino-directory/saltasaurus.html
239,Saltopus,Small Theropod,Elginensis,Triassic,Late,Europe,United Kingdom,Carnivorous,1.0,Short,Dinosauria,https://www.nhm.ac.uk/discover/dino-directory/saltopus.html
240,Sarcosaurus,Small Theropod,Woodi,Jurassic,Early,Europe,United Kingdom,Carnivorous,3.0,Medium,Dinosauria Saurischia Theropoda Neotheropoda Ceratosauria,https://www.nhm.ac.uk/discover/dino-directory/sarcosaurus.html
241,Saurolophus,Euornithopod,Osborni,Cretaceous,Late,Asia,Mongolia,Herbivorous,9.0,Medium,Dinosauria Ornithischia Genasauria Cerapoda Ornithopoda Euornithopoda Iguanadontia Euiguanadontia Dryomorpha Ankylopollexia Iguanodontoidea Hadrosauridae Euhadrosauria Hadrosaurinae,https://www.nhm.ac.uk/discover/dino-directory/saurolophus.html
242,Sauropelta,Armoured Dinosaur,Edwardsorum,Cretaceous,Early,North America,United States,Herbivorous,6.5,Medium,Dinosauria Ornithischia Genasauria Thyreophora Ankylosauromorpha Ankylosauria Nodosauridae,https://www.nhm.ac.uk/discover/dino-directory/sauropelta.html
243,Saurophaganax,Large Theropod,Maximus,Jurassic,Late,North America,United States,Carnivorous,12.0,Long,Dinosauria Saurischia Theropoda Neotheropoda Tetanurae Avetheropoda Carnosauria Allosauroidea Allosauridae,https://www.nhm.ac.uk/discover/dino-directory/saurophaganax.html
244,Saurornithoides,Small Theropod,Mongoliensis,Cretaceous,Late,Asia,Mongolia,Carnivorous,3.0,Medium,Dinosauria Saurischia Theropoda Neotheropoda Tetanurae Avetheropoda Coelurosauria Tyrannoraptora Maniraptoriformes Maniraptora Paraves Eumaniraptoria Troodontidae,https://www.nhm.ac.uk/discover/dino-directory/saurornithoides.html
245,Scelidosaurus,Armoured Dinosaur,Harrisonii,Jurassic,Early,Europe,United Kingdom,Herbivorous,4.0,Medium,Dinosauria Ornithischia Genasauria Thyreophora Scelidosauridae,https://www.nhm.ac.uk/discover/dino-directory/scelidosaurus.html
246,Scutellosaurus,Armoured Dinosaur,Lawleri,Jurassic,Early,North America,United States,Herbivorous,1.2,Short,Dinosauria Ornithischia Genasauria Thyreophora,https://www.nhm.ac.uk/discover/dino-directory/scutellosaurus.html
247,Secernosaurus,Euornithopod,Koerneri,Cretaceous,Late,South America,Argentina,Herbivorous,3.0,Medium,Dinosauria Ornithischia Genasauria Cerapoda Ornithopoda Euornithopoda Iguanadontia Euiguanadontia Dryomorpha Ankylopollexia Iguanodontoidea Hadrosauridae,https://www.nhm.ac.uk/discover/dino-directory/secernosaurus.html
248,Segisaurus,Small Theropod,Halli,Jurassic,Mid,North America,United States,Carnivorous,1.5,Short,Dinosauria Saurischia Theropoda Neotheropoda Coelophysoidea Coelophysidae,https://www.nhm.ac.uk/discover/dino-directory/segisaurus.html
249,Segnosaurus,Large Theropod,Galbinensis,Cretaceous,Late,Asia,Mongolia,Carnivorous,4.0,Medium,Dinosauria Saurischia Theropoda Neotheropoda Tetanurae Avetheropoda Coelurosauria Tyrannoraptora Maniraptoriformes Maniraptora Therizinosauroidea Therizinosauridae,https://www.nhm.ac.uk/discover/dino-directory/segnosaurus.html
250,Shamosaurus,Armoured Dinosaur,Scutatus,Cretaceous,Early,Asia,Mongolia,Herbivorous,5.0,Medium,Dinosauria Ornithischia Genasauria Thyreophora Ankylosauromorpha Ankylosauria Ankylosauridae,https://www.nhm.ac.uk/discover/dino-directory/shamosaurus.html
251,Shanag,Small Theropod,Ashile,Cretaceous,Early,Asia,Mongolia,Carnivorous,0.45,Short,Dinosauria Saurischia,https://www.nhm.ac.uk/discover/dino-directory/shanag.html
252,Shantungosaurus,Euornithopod,Giganteus,Cretaceous,Late,Asia,China,Herbivorous,15.0,Long,Dinosauria Ornithischia Genasauria Cerapoda Ornithopoda Euornithopoda Iguanadontia Euiguanadontia Dryomorpha Ankylopollexia Iguanodontoidea Hadrosauridae Euhadrosauria Hadrosaurinae,https://www.nhm.ac.uk/discover/dino-directory/shantungosaurus.html
253,Shunosaurus,Sauropod,Lii,Jurassic,Mid,Asia,China,Herbivorous,10.0,Medium,Dinosauria Saurischia Sauropodomorpha Sauropoda Eusauropoda,https://www.nhm.ac.uk/discover/dino-directory/shunosaurus.html
254,Shuvuuia,Small Theropod,Deserti,Cretaceous,Late,Asia,Mongolia,Omnivorous,0.6,Short,Dinosauria Saurischia Theropoda Neotheropoda Tetanurae Avetheropoda Coelurosauria Tyrannoraptora Maniraptoriformes Maniraptora Alvarezsauridae,https://www.nhm.ac.uk/discover/dino-directory/shuvuuia.html
255,Silvisaurus,Armoured Dinosaur,Condrayi,Cretaceous,Early,North America,United States,Herbivorous,4.0,Medium,Dinosauria Ornithischia Genasauria Thyreophora Ankylosauromorpha Ankylosauria Nodosauridae,https://www.nhm.ac.uk/discover/dino-directory/silvisaurus.html
256,Sinocalliopteryx,Small Theropod,Gigas,Cretaceous,Early,Asia,China,Carnivorous,2.37,Medium,Dinosauria Saurischia,https://www.nhm.ac.uk/discover/dino-directory/sinocalliopteryx.html
257,Sinornithosaurus,Small Theropod,Millenii,Cretaceous,Early,Asia,China,Carnivorous,2.0,Medium,Dinosauria Saurischia Theropoda Neotheropoda Tetanurae Avetheropoda Coelurosauria Tyrannoraptora Maniraptoriformes Maniraptora Paraves Eumaniraptora Dromaeosauridae,https://www.nhm.ac.uk/discover/dino-directory/sinornithosaurus.html
258,Sinosauropteryx,Small Theropod,Prima,Cretaceous,Early,Asia,China,Carnivorous,1.0,Short,Dinosauria Saurischia Theropoda Neotheropoda Tetanurae Avetheropoda Coelurosauria Compsognathidae,https://www.nhm.ac.uk/discover/dino-directory/sinosauropteryx.html
259,Sinovenator,Small Theropod,Changii,Cretaceous,Early,Asia,China,Carnivorous,1.0,Short,Dinosauria Saurischia Theropoda Neotheropoda Tetanurae Avetheropoda Coelurosauria Tyrannoraptora Maniraptoriformes Maniraptora Paraves Eumaniraptoria Troodontidae,https://www.nhm.ac.uk/discover/dino-directory/sinovenator.html
260,Sinraptor,Large Theropod,Hepingensis,Jurassic,Mid,Asia,China,Carnivorous,7.6,Medium,Dinosauria Saurischia Theropoda Neotheropoda Tetanurae Avetheropoda Carnosauria Allosauroidea Sinraptoridae,https://www.nhm.ac.uk/discover/dino-directory/sinraptor.html
261,Sonidosaurus,Sauropod,Saihangaobiensis,Cretaceous,Late,Asia,China,Herbivorous,9.0,Medium,Dinosauria Saurischia Sauropodomorpha Sauropoda Eusauropoda Neosauropoda Macronaria Camarasauromorpha Titanosauriformes Titanosauria,https://www.nhm.ac.uk/discover/dino-directory/sonidosaurus.html
262,Spinosaurus,Large Theropod,Aegyptiacus,Cretaceous,Late,Africa,Morocco,Carnivorous,18.0,Long,Dinosauria Saurischia Theropoda Neotheropoda Tetanurae Spinosauroidea Spinosauridae Spinosaurinae,https://www.nhm.ac.uk/discover/dino-directory/spinosaurus.html
263,Staurikosaurus,Large Theropod,Pricei,Triassic,Late,South America,Brazil,Carnivorous,2.0,Medium,Dinosauria Saurischia Theropoda Herrerasauridae,https://www.nhm.ac.uk/discover/dino-directory/staurikosaurus.html
264,Stegoceras,Euornithopod,Validum,Cretaceous,Late,North America,United States,Herbivorous,2.4,Medium,Dinosauria Ornithischia Genasauria Cerapoda Marginocephalia Pachycephalosauria Goyocephala Homalocephaloidea Pachycephalosauridae,https://www.nhm.ac.uk/discover/dino-directory/stegoceras.html
265,Stegosaurus,Armoured Dinosaur,Armatus,Jurassic,Late,North America,United States,Herbivorous,9.0,Medium,Dinosauria Ornithischia Genasauria Thyreophora Stegosauria Stegosauridae Stegosaurinae,https://www.nhm.ac.uk/discover/dino-directory/stegosaurus.html
266,Stenopelix,Ceratopsian,Valdensis,Cretaceous,Early,Europe,Germany,Herbivorous,1.5,Short,Dinosauria Ornithischia Genasauria Cerapoda Marginocephalia Pachycephalosauria,https://www.nhm.ac.uk/discover/dino-directory/stenopelix.html
267,Struthiomimus,Small Theropod,Altus,Cretaceous,Late,North America,Canada,Omnivorous,4.0,Medium,Dinosauria Saurischia Theropoda Neotheropoda Tetanurae Avetheropoda Coelurosauria Tyrannoraptora Maniraptoriformes Ornithomimosauria Ornithomimidae,https://www.nhm.ac.uk/discover/dino-directory/struthiomimus.html
268,Struthiosaurus,Armoured Dinosaur,Austriacus,Cretaceous,Late,Europe,Spain,Herbivorous,2.5,Medium,Dinosauria Ornithischia Genasauria Thyreophora Ankylosauromorpha Ankylosauria Nodosauridae,https://www.nhm.ac.uk/discover/dino-directory/struthiosaurus.html
269,Styracosaurus,Ceratopsian,Albertensis,Cretaceous,Late,North America,United States,Herbivorous,5.5,Medium,Dinosauria Ornithischia Genasauria Cerapoda Marginocephalia Ceratopsia Neoceratopsia Coronosauria Ceratopsidae Centrosaurinae,https://www.nhm.ac.uk/discover/dino-directory/styracosaurus.html
270,Suchomimus,Large Theropod,Tenerensis,Cretaceous,Early,Africa,Niger,Carnivorous,11.0,Long,Dinosauria Saurischia Theropoda Neotheropoda Tetanurae Spinosauroidea Spinosauridae Baryonychinae,https://www.nhm.ac.uk/discover/dino-directory/suchomimus.html
271,Supersaurus,Sauropod,Vivianae,Cretaceous,Early,North America,United States,Herbivorous,35.0,Long,Dinosauria Saurischia Sauropodomorpha Sauropoda Eusauropoda Neosauropoda Diplodocoidea Diplodocidae,https://www.nhm.ac.uk/discover/dino-directory/supersaurus.html
272,Talarurus,Armoured Dinosaur,Plicatospineus,Cretaceous,Late,Asia,Mongolia,Herbivorous,6.0,Medium,Dinosauria Ornithischia Genasauria Thyreophora Ankylosauromorpha Ankylosauria Ankylosauridae,https://www.nhm.ac.uk/discover/dino-directory/talarurus.html
273,Tanius,Euornithopod,Sinensis,Cretaceous,Late,Asia,China,Herbivorous,7.0,Medium,Dinosauria Ornithischia Genasauria Cerapoda Ornithopoda Euornithopoda Iguanadontia Euiguanadontia Dryomorpha Ankylopollexia Iguanodontoidea Hadrosauridae,https://www.nhm.ac.uk/discover/dino-directory/tanius.html
274,Tarbosaurus,Large Theropod,Bataar,Cretaceous,Late,Asia,Mongolia,Carnivorous,10.0,Medium,Dinosauria Saurischia Theropoda Neotheropoda Tetanurae Avetheropoda Coelurosauria Tyrannoraptora Tyrannosauroidea Tyrannosauridae Tyrannosaurinae,https://www.nhm.ac.uk/discover/dino-directory/tarbosaurus.html
275,Tarchia,Armoured Dinosaur,Gigantea,Cretaceous,Late,Asia,Mongolia,Herbivorous,8.5,Medium,Dinosauria Ornithischia Genasauria Thyreophora Ankylosauromorpha Ankylosauria Ankylosaurinae,https://www.nhm.ac.uk/discover/dino-directory/tarchia.html
276,Telmatosaurus,Euornithopod,Transsylvanicus,Cretaceous,Late,Europe,Spain,Herbivorous,5.0,Medium,Dinosauria Ornithischia Genasauria Cerapoda Ornithopoda Euornithopoda Iguanadontia Euiguanadontia Dryomorpha Ankylopollexia Iguanodontoidea Hadrosauridae,https://www.nhm.ac.uk/discover/dino-directory/telmatosaurus.html
277,Tenontosaurus,Euornithopod,Tillettorum,Cretaceous,Early,North America,United States,Herbivorous,7.0,Medium,Dinosauria Ornithischia Genasauria Cerapoda Ornithopoda Euornithopoda Iguanadontia,https://www.nhm.ac.uk/discover/dino-directory/tenontosaurus.html
278,Thecodontosaurus,Sauropod,Antiquus,Triassic,Late,Europe,United Kingdom,Omnivorous,2.5,Medium,Dinosauria Saurischia Sauropodomorpha Prosauropoda,https://www.nhm.ac.uk/discover/dino-directory/thecodontosaurus.html
279,Therizinosaurus,Large Theropod,Cheloniformis,Cretaceous,Late,Asia,Mongolia,Unknown,10.0,Medium,Dinosauria Saurischia Theropoda Neotheropoda Tetanurae Avetheropoda Coelurosauria Tyrannoraptora Maniraptoriformes Maniraptora Therizinosauroidea Therizinosauridae,https://www.nhm.ac.uk/discover/dino-directory/therizinosaurus.html
280,Thescelosaurus,Euornithopod,Neglectus,Cretaceous,Late,North America,United States,Herbivorous,3.5,Medium,Dinosauria Ornithischia Genasauria Cerapoda Ornithopoda Euornithopoda,https://www.nhm.ac.uk/discover/dino-directory/thescelosaurus.html
281,Torosaurus,Ceratopsian,Latus,Cretaceous,Late,North America,United States,Herbivorous,7.5,Medium,Dinosauria Ornithischia Genasauria Cerapoda Marginocephalia Ceratopsia Neoceratopsia Coronosauria Ceratopsidae Chasmosaurinae,https://www.nhm.ac.uk/discover/dino-directory/torosaurus.html
282,Torvosaurus,Large Theropod,Tanneri,Jurassic,Late,North America,United States,Carnivorous,10.0,Medium,Dinosauria Saurischia Theropoda Neotheropoda Tetanurae Spinosauroidea Megalosauridae Megalosaurinae,https://www.nhm.ac.uk/discover/dino-directory/torvosaurus.html
283,Triceratops,Ceratopsian,Horridus,Cretaceous,Late,North America,United States,Herbivorous,9.0,Medium,Dinosauria Ornithischia Genasauria Cerapoda Marginocephalia Ceratopsia Neoceratopsia Coronosauria Ceratopsidae Chasmosaurinae,https://www.nhm.ac.uk/discover/dino-directory/triceratops.html
284,Troodon,Small Theropod,Formosus,Cretaceous,Late,North America,United States,Carnivorous,2.0,Medium,Dinosauria Saurischia Theropoda Neotheropoda Tetanurae Avetheropoda Coelurosauria Tyrannoraptora Maniraptoriformes Maniraptora Paraves Eumaniraptoria Troodontidae,https://www.nhm.ac.uk/discover/dino-directory/troodon.html
285,Tsagantegia,Armoured Dinosaur,Longicranialis,Cretaceous,Late,Asia,Mongolia,Herbivorous,7.0,Medium,Dinosauria Ornithischia Genasauria Thyreophora Ankylosauromorpha Ankylosauria Ankylosauridae,https://www.nhm.ac.uk/discover/dino-directory/tsagantegia.html
286,Tsintaosaurus,Euornithopod,Spinorhinus,Cretaceous,Late,Asia,China,Herbivorous,12.0,Long,Dinosauria Ornithischia Genasauria Cerapoda Ornithopoda Euornithopoda Iguanadontia Euiguanadontia Dryomorpha Ankylopollexia Iguanodontoidea Hadrosauridae Euhadrosauria Lambeosaurinae,https://www.nhm.ac.uk/discover/dino-directory/tsintaosaurus.html
287,Tuojiangosaurus,Armoured Dinosaur,Multispinus,Jurassic,Late,Asia,China,Herbivorous,7.0,Medium,Dinosauria Ornithischia Genasauria Thyreophora Stegosauria Stegosauridae Stegosaurinae,https://www.nhm.ac.uk/discover/dino-directory/tuojiangosaurus.html
288,Tylocephale,Euornithopod,Gilmorei,Cretaceous,Late,Asia,Mongolia,Herbivorous,1.4,Short,Dinosauria Ornithischia Genasauria Cerapoda Marginocephalia Pachycephalosauria Goyocephala Homalocephaloidea Pachycephalosauridae,https://www.nhm.ac.uk/discover/dino-directory/tylocephale.html
289,Tyrannosaurus,Large Theropod,Rex,Cretaceous,Late,North America,United States,Carnivorous,12.0,Long,Dinosauria Saurischia Theropoda Neotheropoda Tetanurae Avetheropoda Coelurosauria Tyrannoraptora Tyrannosauroidea Tyrannosauridae Tyrannosaurinae,https://www.nhm.ac.uk/discover/dino-directory/tyrannosaurus.html
290,Udanoceratops,Ceratopsian,Tschizhovi,Cretaceous,Late,Asia,Mongolia,Herbivorous,4.0,Medium,Dinosauria Ornithischia Genasauria Cerapoda Marginocephalia Ceratopsia Neoceratopsia,https://www.nhm.ac.uk/discover/dino-directory/udanoceratops.html
291,Unenlagia,Small Theropod,Comahuensis,Cretaceous,Late,South America,Argentina,Carnivorous,2.4,Medium,Dinosauria Saurischia Theropoda Neotheropoda Tetanurae Avetheropoda Coelurosauria Tyrannoraptora Maniraptoriformes Maniraptora Paraves Eumaniraptora Dromaeosauridae,https://www.nhm.ac.uk/discover/dino-directory/unenlagia.html
292,Urbacodon,Small Theropod,Itemirensis,Cretaceous,Late,Asia,Uzbekistan,Carnivorous,1.0,Short,Dinosauria Saurischia,https://www.nhm.ac.uk/discover/dino-directory/urbacodon.html
293,Utahraptor,Large Theropod,Ostrommaysorum,Cretaceous,Early,North America,United States,Carnivorous,6.0,Medium,Dinosauria Saurischia Theropoda Neotheropoda Tetanurae Avetheropoda Coelurosauria Tyrannoraptora Maniraptoriformes Maniraptora Paraves Eumaniraptora Dromaeosauridae,https://www.nhm.ac.uk/discover/dino-directory/utahraptor.html
294,Valdosaurus,Euornithopod,Canaliculatus,Cretaceous,Early,Europe,United Kingdom,Herbivorous,3.0,Medium,Dinosauria Ornithischia Genasauria Cerapoda Ornithopoda Euornithopoda Iguanadontia Euiguanadontia Dryomorpha Dryosauridae,https://www.nhm.ac.uk/discover/dino-directory/valdosaurus.html
295,Velociraptor,Small Theropod,Mongoliensis,Cretaceous,Late,Asia,Mongolia,Carnivorous,1.8,Short,Dinosauria Saurischia Theropoda Neotheropoda Tetanurae Avetheropoda Coelurosauria Tyrannoraptora Maniraptoriformes Maniraptora Paraves Eumaniraptora Dromaeosauridae,https://www.nhm.ac.uk/discover/dino-directory/velociraptor.html
296,Vulcanodon,Sauropod,Karibaensis,Jurassic,Early,Africa,Zimbabwe,Herbivorous,6.5,Medium,Dinosauria Saurischia Sauropodomorpha Sauropoda Vulcanodontidae,https://www.nhm.ac.uk/discover/dino-directory/vulcanodon.html
297,Yandusaurus,Euornithopod,Hongheensis,Jurassic,Mid,Asia,China,Herbivorous,3.0,Medium,Dinosauria Ornithischia Genasauria Cerapoda Ornithopoda Euornithopoda,https://www.nhm.ac.uk/discover/dino-directory/yandusaurus.html
298,Yangchuanosaurus,Large Theropod,Shangyouensis,Jurassic,Late,Asia,China,Carnivorous,10.0,Medium,Dinosauria Saurischia Theropoda Neotheropoda Tetanurae Avetheropoda Carnosauria Allosauroidea Sinraptoridae,https://www.nhm.ac.uk/discover/dino-directory/yangchuanosaurus.html
299,Yimenosaurus,Sauropod,Youngi,Jurassic,Early,Asia,China,Herbivorous,9.0,Medium,Dinosauria Saurischia Sauropodomorpha Prosauropoda,https://www.nhm.ac.uk/discover/dino-directory/yimenosaurus.html
300,Yingshanosaurus,Armoured Dinosaur,Jichuanensis,Jurassic,Late,Asia,China,Herbivorous,5.0,Medium,Dinosauria Ornithischia Genasauria Thyreophora Stegosauria,https://www.nhm.ac.uk/discover/dino-directory/yingshanosaurus.html
301,Yinlong,Ceratopsian,Downsi,Jurassic,Mid,Asia,China,Herbivorous,1.2,Short,Dinosauria Ornithischia Genasauria Cerapoda Marginocephalia Ceratopsia,https://www.nhm.ac.uk/discover/dino-directory/yinlong.html
302,Yuanmousaurus,Sauropod,Jiangyiensis,Jurassic,Mid,Asia,China,Herbivorous,17.0,Long,Dinosauria Saurischia Sauropodomorpha Sauropoda Eusauropoda,https://www.nhm.ac.uk/discover/dino-directory/yuanmousaurus.html
303,Yunnanosaurus,Sauropod,Huangi,Jurassic,Early,Asia,China,Omnivorous,7.0,Medium,Dinosauria Saurischia Sauropodomorpha Prosauropoda Plateosauria,https://www.nhm.ac.uk/discover/dino-directory/yunnanosaurus.html
304,Zalmoxes,Euornithopod,Robustus,Cretaceous,Late,Europe,Romania,Herbivorous,3.0,Medium,Dinosauria Ornithischia Genasauria Cerapoda Ornithopoda Euornithopoda Iguanadontia Rhabdodontidae,https://www.nhm.ac.uk/discover/dino-directory/zalmoxes.html
305,Zephyrosaurus,Euornithopod,Schaffi,Cretaceous,Early,North America,United States,Herbivorous,1.8,Short,Dinosauria Ornithischia Genasauria Cerapoda Ornithopoda Euornithopoda,https://www.nhm.ac.uk/discover/dino-directory/zephyrosaurus.html
306,Zuniceratops,Ceratopsian,Christopheri,Cretaceous,Late,North America,United States,Herbivorous,3.5,Medium,Dinosauria Ornithischia Genasauria Cerapoda Marginocephalia Ceratopsia Neoceratopsia Coronosauria,https://www.nhm.ac.uk/discover/dino-directory/zuniceratops.html
